2026-03-06 01:50:13,145 - passlib.utils.compat - DEBUG - loaded lazy attr 'SafeConfigParser': <class 'configparser.ConfigParser'>
2026-03-06 01:50:13,145 - passlib.utils.compat - DEBUG - loaded lazy attr 'NativeStringIO': <class '_io.StringIO'>
2026-03-06 01:50:13,145 - passlib.utils.compat - DEBUG - loaded lazy attr 'BytesIO': <class '_io.BytesIO'>
2026-03-06 01:50:13,147 - passlib.registry - DEBUG - registered 'bcrypt' handler: <class 'passlib.handlers.bcrypt.bcrypt'>
2026-03-06 01:50:28,669 - passlib.utils.compat - DEBUG - loaded lazy attr 'SafeConfigParser': <class 'configparser.ConfigParser'>
2026-03-06 01:50:28,669 - passlib.utils.compat - DEBUG - loaded lazy attr 'NativeStringIO': <class '_io.StringIO'>
2026-03-06 01:50:28,669 - passlib.utils.compat - DEBUG - loaded lazy attr 'BytesIO': <class '_io.BytesIO'>
2026-03-06 01:50:28,670 - passlib.registry - DEBUG - registered 'bcrypt' handler: <class 'passlib.handlers.bcrypt.bcrypt'>
2026-03-06 02:12:21,030 - passlib.utils.compat - DEBUG - loaded lazy attr 'SafeConfigParser': <class 'configparser.ConfigParser'>
2026-03-06 02:12:21,030 - passlib.utils.compat - DEBUG - loaded lazy attr 'NativeStringIO': <class '_io.StringIO'>
2026-03-06 02:12:21,030 - passlib.utils.compat - DEBUG - loaded lazy attr 'BytesIO': <class '_io.BytesIO'>
2026-03-06 02:12:21,032 - passlib.registry - DEBUG - registered 'bcrypt' handler: <class 'passlib.handlers.bcrypt.bcrypt'>
2026-03-06 02:28:10,178 - passlib.utils.compat - DEBUG - loaded lazy attr 'SafeConfigParser': <class 'configparser.ConfigParser'>
2026-03-06 02:28:10,179 - passlib.utils.compat - DEBUG - loaded lazy attr 'NativeStringIO': <class '_io.StringIO'>
2026-03-06 02:28:10,179 - passlib.utils.compat - DEBUG - loaded lazy attr 'BytesIO': <class '_io.BytesIO'>
2026-03-06 02:28:10,180 - passlib.registry - DEBUG - registered 'bcrypt' handler: <class 'passlib.handlers.bcrypt.bcrypt'>
2026-03-06 02:28:10,269 - app - INFO - Initializing Database
2026-03-06 02:28:10,405 - app - ERROR - Database initialization failed: (pymysql.err.OperationalError) (1049, "Unknown database 'sesamo'")
(Background on this error at: https://sqlalche.me/e/20/e3q8)
2026-03-06 02:30:03,179 - passlib.utils.compat - DEBUG - loaded lazy attr 'SafeConfigParser': <class 'configparser.ConfigParser'>
2026-03-06 02:30:03,179 - passlib.utils.compat - DEBUG - loaded lazy attr 'NativeStringIO': <class '_io.StringIO'>
2026-03-06 02:30:03,179 - passlib.utils.compat - DEBUG - loaded lazy attr 'BytesIO': <class '_io.BytesIO'>
2026-03-06 02:30:03,180 - passlib.registry - DEBUG - registered 'bcrypt' handler: <class 'passlib.handlers.bcrypt.bcrypt'>
2026-03-06 02:30:03,224 - app - INFO - Initializing Database
2026-03-06 02:30:03,271 - app - ERROR - Database initialization failed: Foreign key associated with column 'system_logs.user_id' could not find table 'sesamo.users' with which to generate a foreign key to target column 'id'
2026-03-06 02:30:46,690 - passlib.utils.compat - DEBUG - loaded lazy attr 'SafeConfigParser': <class 'configparser.ConfigParser'>
2026-03-06 02:30:46,690 - passlib.utils.compat - DEBUG - loaded lazy attr 'NativeStringIO': <class '_io.StringIO'>
2026-03-06 02:30:46,690 - passlib.utils.compat - DEBUG - loaded lazy attr 'BytesIO': <class '_io.BytesIO'>
2026-03-06 02:30:46,691 - passlib.registry - DEBUG - registered 'bcrypt' handler: <class 'passlib.handlers.bcrypt.bcrypt'>
2026-03-06 02:30:46,735 - app - INFO - Initializing Database
2026-03-06 02:30:47,134 - app - ERROR - Database initialization failed: (in table 'schools', column 'name'): VARCHAR requires a length on dialect mysql
2026-03-06 02:31:30,823 - passlib.utils.compat - DEBUG - loaded lazy attr 'SafeConfigParser': <class 'configparser.ConfigParser'>
2026-03-06 02:31:30,823 - passlib.utils.compat - DEBUG - loaded lazy attr 'NativeStringIO': <class '_io.StringIO'>
2026-03-06 02:31:30,823 - passlib.utils.compat - DEBUG - loaded lazy attr 'BytesIO': <class '_io.BytesIO'>
2026-03-06 02:31:30,825 - passlib.registry - DEBUG - registered 'bcrypt' handler: <class 'passlib.handlers.bcrypt.bcrypt'>
2026-03-06 02:31:30,875 - app - INFO - Initializing Database
2026-03-06 02:31:30,941 - app - ERROR - Database initialization failed: (in table 'schools', column 'name'): VARCHAR requires a length on dialect mysql
2026-03-06 02:32:43,133 - passlib.utils.compat - DEBUG - loaded lazy attr 'SafeConfigParser': <class 'configparser.ConfigParser'>
2026-03-06 02:32:43,133 - passlib.utils.compat - DEBUG - loaded lazy attr 'NativeStringIO': <class '_io.StringIO'>
2026-03-06 02:32:43,133 - passlib.utils.compat - DEBUG - loaded lazy attr 'BytesIO': <class '_io.BytesIO'>
2026-03-06 02:32:43,134 - passlib.registry - DEBUG - registered 'bcrypt' handler: <class 'passlib.handlers.bcrypt.bcrypt'>
2026-03-06 02:32:43,179 - app - INFO - Initializing Database
2026-03-06 02:32:43,495 - app - ERROR - Database initialization failed: (in table 'categories', column 'name'): VARCHAR requires a length on dialect mysql
2026-03-06 02:32:54,298 - passlib.utils.compat - DEBUG - loaded lazy attr 'SafeConfigParser': <class 'configparser.ConfigParser'>
2026-03-06 02:32:54,299 - passlib.utils.compat - DEBUG - loaded lazy attr 'NativeStringIO': <class '_io.StringIO'>
2026-03-06 02:32:54,299 - passlib.utils.compat - DEBUG - loaded lazy attr 'BytesIO': <class '_io.BytesIO'>
2026-03-06 02:32:54,300 - passlib.registry - DEBUG - registered 'bcrypt' handler: <class 'passlib.handlers.bcrypt.bcrypt'>
2026-03-06 02:32:54,332 - app - INFO - Initializing Database
2026-03-06 02:32:54,365 - app - ERROR - Database initialization failed: (in table 'users', column 'name'): VARCHAR requires a length on dialect mysql
2026-03-06 02:33:06,328 - passlib.utils.compat - DEBUG - loaded lazy attr 'SafeConfigParser': <class 'configparser.ConfigParser'>
2026-03-06 02:33:06,328 - passlib.utils.compat - DEBUG - loaded lazy attr 'NativeStringIO': <class '_io.StringIO'>
2026-03-06 02:33:06,328 - passlib.utils.compat - DEBUG - loaded lazy attr 'BytesIO': <class '_io.BytesIO'>
2026-03-06 02:33:06,329 - passlib.registry - DEBUG - registered 'bcrypt' handler: <class 'passlib.handlers.bcrypt.bcrypt'>
2026-03-06 02:33:06,365 - app - INFO - Initializing Database
2026-03-06 02:33:08,296 - app - INFO - Modificando columna 'question_text' en `questions`: tipo=TEXT, nullable=True
2026-03-06 02:33:08,343 - app - INFO - Modificando columna 'answer' en `answer_options`: tipo=TEXT, nullable=True
2026-03-06 02:33:08,384 - app - INFO - Modificando columna 'is_correct' en `answer_options`: tipo=BOOL, nullable=True
2026-03-06 02:33:08,426 - app - INFO - Modificando columna 'answers' en `user_responses`: tipo=TEXT, nullable=True
2026-03-06 02:33:08,478 - app - INFO - Modificando columna 'payload' en `system_logs`: tipo=TEXT, nullable=True
2026-03-06 02:33:08,514 - app - INFO - Modificando columna 'response' en `system_logs`: tipo=TEXT, nullable=True
2026-03-06 02:33:08,555 - app - INFO - Modificando columna 'user_agent' en `system_logs`: tipo=TEXT, nullable=True
2026-03-06 02:33:08,594 - app - INFO - Database Initialized
2026-03-06 02:33:27,966 - app - INFO - Initializing Database
2026-03-06 02:33:28,023 - app - INFO - Database Initialized
2026-03-06 02:34:01,415 - passlib.utils.compat - DEBUG - loaded lazy attr 'SafeConfigParser': <class 'configparser.ConfigParser'>
2026-03-06 02:34:01,415 - passlib.utils.compat - DEBUG - loaded lazy attr 'NativeStringIO': <class '_io.StringIO'>
2026-03-06 02:34:01,415 - passlib.utils.compat - DEBUG - loaded lazy attr 'BytesIO': <class '_io.BytesIO'>
2026-03-06 02:34:01,416 - passlib.registry - DEBUG - registered 'bcrypt' handler: <class 'passlib.handlers.bcrypt.bcrypt'>
2026-03-06 02:34:01,456 - app - INFO - Initializing Database
2026-03-06 02:34:01,511 - app - INFO - Modificando columna 'question_text' en `questions`: tipo=TEXT, nullable=True
2026-03-06 02:34:01,559 - app - INFO - Modificando columna 'answer' en `answer_options`: tipo=TEXT, nullable=True
2026-03-06 02:34:01,604 - app - INFO - Modificando columna 'is_correct' en `answer_options`: tipo=BOOL, nullable=True
2026-03-06 02:34:01,658 - app - INFO - Modificando columna 'answers' en `user_responses`: tipo=TEXT, nullable=True
2026-03-06 02:34:01,695 - app - INFO - Modificando columna 'payload' en `system_logs`: tipo=TEXT, nullable=True
2026-03-06 02:34:01,736 - app - INFO - Modificando columna 'response' en `system_logs`: tipo=TEXT, nullable=True
2026-03-06 02:34:01,772 - app - INFO - Modificando columna 'user_agent' en `system_logs`: tipo=TEXT, nullable=True
2026-03-06 02:34:01,904 - app - INFO - Database Initialized
2026-03-06 02:34:28,683 - app - INFO - Key: sesamo, URI: mysql+pymysql://root:johansSwq21321*@127.0.0.1:3307/sesamo
2026-03-06 02:37:15,910 - passlib.utils.compat - DEBUG - loaded lazy attr 'SafeConfigParser': <class 'configparser.ConfigParser'>
2026-03-06 02:37:15,910 - passlib.utils.compat - DEBUG - loaded lazy attr 'NativeStringIO': <class '_io.StringIO'>
2026-03-06 02:37:15,910 - passlib.utils.compat - DEBUG - loaded lazy attr 'BytesIO': <class '_io.BytesIO'>
2026-03-06 02:37:15,911 - passlib.registry - DEBUG - registered 'bcrypt' handler: <class 'passlib.handlers.bcrypt.bcrypt'>
2026-03-06 02:37:15,956 - app - INFO - Initializing Database
2026-03-06 02:37:16,041 - app - INFO - Modificando columna 'question_text' en `questions`: tipo=TEXT, nullable=True
2026-03-06 02:37:16,093 - app - INFO - Modificando columna 'answer' en `answer_options`: tipo=TEXT, nullable=True
2026-03-06 02:37:16,148 - app - INFO - Modificando columna 'is_correct' en `answer_options`: tipo=BOOL, nullable=True
2026-03-06 02:37:16,189 - app - INFO - Modificando columna 'answers' en `user_responses`: tipo=TEXT, nullable=True
2026-03-06 02:37:16,230 - app - INFO - Modificando columna 'payload' en `system_logs`: tipo=TEXT, nullable=True
2026-03-06 02:37:16,296 - app - INFO - Modificando columna 'response' en `system_logs`: tipo=TEXT, nullable=True
2026-03-06 02:37:16,335 - app - INFO - Modificando columna 'user_agent' en `system_logs`: tipo=TEXT, nullable=True
2026-03-06 02:37:16,422 - app - INFO - Database Initialized
2026-03-06 02:37:39,988 - passlib.utils.compat - DEBUG - loaded lazy attr 'SafeConfigParser': <class 'configparser.ConfigParser'>
2026-03-06 02:37:39,988 - passlib.utils.compat - DEBUG - loaded lazy attr 'NativeStringIO': <class '_io.StringIO'>
2026-03-06 02:37:39,988 - passlib.utils.compat - DEBUG - loaded lazy attr 'BytesIO': <class '_io.BytesIO'>
2026-03-06 02:37:39,989 - passlib.registry - DEBUG - registered 'bcrypt' handler: <class 'passlib.handlers.bcrypt.bcrypt'>
2026-03-06 02:37:40,044 - app - INFO - Initializing Database
2026-03-06 02:37:40,105 - app - INFO - Modificando columna 'question_text' en `questions`: tipo=TEXT, nullable=True
2026-03-06 02:37:40,166 - app - INFO - Modificando columna 'answer' en `answer_options`: tipo=TEXT, nullable=True
2026-03-06 02:37:40,208 - app - INFO - Modificando columna 'is_correct' en `answer_options`: tipo=BOOL, nullable=True
2026-03-06 02:37:40,244 - app - INFO - Modificando columna 'answers' en `user_responses`: tipo=TEXT, nullable=True
2026-03-06 02:37:40,288 - app - INFO - Modificando columna 'payload' en `system_logs`: tipo=TEXT, nullable=True
2026-03-06 02:37:40,325 - app - INFO - Modificando columna 'response' en `system_logs`: tipo=TEXT, nullable=True
2026-03-06 02:37:40,384 - app - INFO - Modificando columna 'user_agent' en `system_logs`: tipo=TEXT, nullable=True
2026-03-06 02:37:40,420 - app - INFO - Database Initialized
2026-03-06 02:37:40,770 - passlib.utils.compat - DEBUG - loaded lazy attr 'SafeConfigParser': <class 'configparser.ConfigParser'>
2026-03-06 02:37:40,770 - passlib.utils.compat - DEBUG - loaded lazy attr 'NativeStringIO': <class '_io.StringIO'>
2026-03-06 02:37:40,770 - passlib.utils.compat - DEBUG - loaded lazy attr 'BytesIO': <class '_io.BytesIO'>
2026-03-06 02:37:40,772 - passlib.registry - DEBUG - registered 'bcrypt' handler: <class 'passlib.handlers.bcrypt.bcrypt'>
2026-03-06 02:37:40,828 - app - INFO - Initializing Database
2026-03-06 02:37:40,865 - app - INFO - Modificando columna 'question_text' en `questions`: tipo=TEXT, nullable=True
2026-03-06 02:37:40,907 - app - INFO - Modificando columna 'answer' en `answer_options`: tipo=TEXT, nullable=True
2026-03-06 02:37:40,945 - app - INFO - Modificando columna 'is_correct' en `answer_options`: tipo=BOOL, nullable=True
2026-03-06 02:37:40,985 - app - INFO - Modificando columna 'answers' en `user_responses`: tipo=TEXT, nullable=True
2026-03-06 02:37:41,046 - app - INFO - Modificando columna 'payload' en `system_logs`: tipo=TEXT, nullable=True
2026-03-06 02:37:41,089 - app - INFO - Modificando columna 'response' en `system_logs`: tipo=TEXT, nullable=True
2026-03-06 02:37:41,130 - app - INFO - Modificando columna 'user_agent' en `system_logs`: tipo=TEXT, nullable=True
2026-03-06 02:37:41,170 - app - INFO - Database Initialized
2026-03-06 02:37:49,929 - passlib.utils.compat - DEBUG - loaded lazy attr 'SafeConfigParser': <class 'configparser.ConfigParser'>
2026-03-06 02:37:49,929 - passlib.utils.compat - DEBUG - loaded lazy attr 'NativeStringIO': <class '_io.StringIO'>
2026-03-06 02:37:49,929 - passlib.utils.compat - DEBUG - loaded lazy attr 'BytesIO': <class '_io.BytesIO'>
2026-03-06 02:37:49,931 - passlib.registry - DEBUG - registered 'bcrypt' handler: <class 'passlib.handlers.bcrypt.bcrypt'>
2026-03-06 02:40:24,328 - passlib.utils.compat - DEBUG - loaded lazy attr 'SafeConfigParser': <class 'configparser.ConfigParser'>
2026-03-06 02:40:24,329 - passlib.utils.compat - DEBUG - loaded lazy attr 'NativeStringIO': <class '_io.StringIO'>
2026-03-06 02:40:24,329 - passlib.utils.compat - DEBUG - loaded lazy attr 'BytesIO': <class '_io.BytesIO'>
2026-03-06 02:40:24,330 - passlib.registry - DEBUG - registered 'bcrypt' handler: <class 'passlib.handlers.bcrypt.bcrypt'>
2026-03-06 02:40:24,393 - app - INFO - Initializing Database
2026-03-06 02:40:24,515 - app - INFO - Modificando columna 'question_text' en `questions`: tipo=TEXT, nullable=True
2026-03-06 02:40:24,566 - app - INFO - Modificando columna 'answer' en `answer_options`: tipo=TEXT, nullable=True
2026-03-06 02:40:24,604 - app - INFO - Modificando columna 'is_correct' en `answer_options`: tipo=BOOL, nullable=True
2026-03-06 02:40:24,638 - app - INFO - Modificando columna 'answers' en `user_responses`: tipo=TEXT, nullable=True
2026-03-06 02:40:24,688 - app - INFO - Modificando columna 'payload' en `system_logs`: tipo=TEXT, nullable=True
2026-03-06 02:40:24,733 - app - INFO - Modificando columna 'response' en `system_logs`: tipo=TEXT, nullable=True
2026-03-06 02:40:24,778 - app - INFO - Modificando columna 'user_agent' en `system_logs`: tipo=TEXT, nullable=True
2026-03-06 02:40:24,831 - app - INFO - Checking for seed data...
2026-03-06 02:40:24,834 - app - ERROR - Database initialization failed: name 'Role' is not defined
2026-03-06 02:40:25,381 - passlib.utils.compat - DEBUG - loaded lazy attr 'SafeConfigParser': <class 'configparser.ConfigParser'>
2026-03-06 02:40:25,381 - passlib.utils.compat - DEBUG - loaded lazy attr 'NativeStringIO': <class '_io.StringIO'>
2026-03-06 02:40:25,381 - passlib.utils.compat - DEBUG - loaded lazy attr 'BytesIO': <class '_io.BytesIO'>
2026-03-06 02:40:25,383 - passlib.registry - DEBUG - registered 'bcrypt' handler: <class 'passlib.handlers.bcrypt.bcrypt'>
2026-03-06 02:40:25,432 - app - INFO - Initializing Database
2026-03-06 02:40:25,470 - app - INFO - Modificando columna 'question_text' en `questions`: tipo=TEXT, nullable=True
2026-03-06 02:40:25,516 - app - INFO - Modificando columna 'answer' en `answer_options`: tipo=TEXT, nullable=True
2026-03-06 02:40:25,555 - app - INFO - Modificando columna 'is_correct' en `answer_options`: tipo=BOOL, nullable=True
2026-03-06 02:40:25,594 - app - INFO - Modificando columna 'answers' en `user_responses`: tipo=TEXT, nullable=True
2026-03-06 02:40:25,638 - app - INFO - Modificando columna 'payload' en `system_logs`: tipo=TEXT, nullable=True
2026-03-06 02:40:25,697 - app - INFO - Modificando columna 'response' en `system_logs`: tipo=TEXT, nullable=True
2026-03-06 02:40:25,735 - app - INFO - Modificando columna 'user_agent' en `system_logs`: tipo=TEXT, nullable=True
2026-03-06 02:40:25,792 - app - INFO - Checking for seed data...
2026-03-06 02:40:25,803 - app - INFO - Seeding Roles...
2026-03-06 02:40:25,833 - app - INFO - Roles seeded successfully.
2026-03-06 02:40:25,836 - app - INFO - Seeding Schools...
2026-03-06 02:40:25,862 - app - INFO - Schools seeded successfully.
2026-03-06 02:40:25,867 - app - INFO - Seeding Categories...
2026-03-06 02:40:25,910 - app - INFO - Categories seeded successfully.
2026-03-06 02:40:25,911 - app - INFO - Database Initialized
2026-03-06 02:40:31,795 - app - INFO - Initializing Database
2026-03-06 02:40:31,825 - passlib.utils.compat - DEBUG - loaded lazy attr 'SafeConfigParser': <class 'configparser.ConfigParser'>
2026-03-06 02:40:31,825 - passlib.utils.compat - DEBUG - loaded lazy attr 'NativeStringIO': <class '_io.StringIO'>
2026-03-06 02:40:31,825 - passlib.utils.compat - DEBUG - loaded lazy attr 'BytesIO': <class '_io.BytesIO'>
2026-03-06 02:40:31,826 - passlib.registry - DEBUG - registered 'bcrypt' handler: <class 'passlib.handlers.bcrypt.bcrypt'>
2026-03-06 02:40:31,830 - app - INFO - Checking for seed data...
2026-03-06 02:40:31,838 - app - INFO - Database Initialized
2026-03-06 02:41:21,391 - passlib.utils.compat - DEBUG - loaded lazy attr 'SafeConfigParser': <class 'configparser.ConfigParser'>
2026-03-06 02:41:21,391 - passlib.utils.compat - DEBUG - loaded lazy attr 'NativeStringIO': <class '_io.StringIO'>
2026-03-06 02:41:21,391 - passlib.utils.compat - DEBUG - loaded lazy attr 'BytesIO': <class '_io.BytesIO'>
2026-03-06 02:41:21,392 - passlib.registry - DEBUG - registered 'bcrypt' handler: <class 'passlib.handlers.bcrypt.bcrypt'>
2026-03-06 02:41:21,450 - app - INFO - Initializing Database
2026-03-06 02:41:21,518 - app - INFO - Modificando columna 'question_text' en `questions`: tipo=TEXT, nullable=True
2026-03-06 02:41:21,571 - app - INFO - Modificando columna 'answer' en `answer_options`: tipo=TEXT, nullable=True
2026-03-06 02:41:21,608 - app - INFO - Modificando columna 'is_correct' en `answer_options`: tipo=BOOL, nullable=True
2026-03-06 02:41:21,653 - app - INFO - Modificando columna 'answers' en `user_responses`: tipo=TEXT, nullable=True
2026-03-06 02:41:21,692 - app - INFO - Modificando columna 'payload' en `system_logs`: tipo=TEXT, nullable=True
2026-03-06 02:41:21,734 - app - INFO - Modificando columna 'response' en `system_logs`: tipo=TEXT, nullable=True
2026-03-06 02:41:21,771 - app - INFO - Modificando columna 'user_agent' en `system_logs`: tipo=TEXT, nullable=True
2026-03-06 02:41:21,808 - app - INFO - Checking for seed data...
2026-03-06 02:41:21,829 - app - INFO - Database Initialized
2026-03-06 02:41:30,158 - passlib.utils.compat - DEBUG - loaded lazy attr 'SafeConfigParser': <class 'configparser.ConfigParser'>
2026-03-06 02:41:30,158 - passlib.utils.compat - DEBUG - loaded lazy attr 'NativeStringIO': <class '_io.StringIO'>
2026-03-06 02:41:30,158 - passlib.utils.compat - DEBUG - loaded lazy attr 'BytesIO': <class '_io.BytesIO'>
2026-03-06 02:41:30,159 - passlib.registry - DEBUG - registered 'bcrypt' handler: <class 'passlib.handlers.bcrypt.bcrypt'>
2026-03-06 02:41:30,212 - app - INFO - Initializing Database
2026-03-06 02:41:30,250 - app - INFO - Modificando columna 'question_text' en `questions`: tipo=TEXT, nullable=True
2026-03-06 02:41:30,287 - app - INFO - Modificando columna 'answer' en `answer_options`: tipo=TEXT, nullable=True
2026-03-06 02:41:30,329 - app - INFO - Modificando columna 'is_correct' en `answer_options`: tipo=BOOL, nullable=True
2026-03-06 02:41:30,376 - app - INFO - Modificando columna 'answers' en `user_responses`: tipo=TEXT, nullable=True
2026-03-06 02:41:30,430 - app - INFO - Modificando columna 'payload' en `system_logs`: tipo=TEXT, nullable=True
2026-03-06 02:41:30,495 - app - INFO - Modificando columna 'response' en `system_logs`: tipo=TEXT, nullable=True
2026-03-06 02:41:30,567 - app - INFO - Modificando columna 'user_agent' en `system_logs`: tipo=TEXT, nullable=True
2026-03-06 02:41:30,620 - app - INFO - Checking for seed data...
2026-03-06 02:41:30,643 - app - INFO - Database Initialized
2026-03-06 02:41:46,791 - passlib.utils.compat - DEBUG - loaded lazy attr 'SafeConfigParser': <class 'configparser.ConfigParser'>
2026-03-06 02:41:46,791 - passlib.utils.compat - DEBUG - loaded lazy attr 'NativeStringIO': <class '_io.StringIO'>
2026-03-06 02:41:46,791 - passlib.utils.compat - DEBUG - loaded lazy attr 'BytesIO': <class '_io.BytesIO'>
2026-03-06 02:41:46,792 - passlib.registry - DEBUG - registered 'bcrypt' handler: <class 'passlib.handlers.bcrypt.bcrypt'>
2026-03-06 02:41:46,845 - app - INFO - Initializing Database
2026-03-06 02:41:49,293 - app - INFO - Modificando columna 'question_text' en `questions`: tipo=TEXT, nullable=True
2026-03-06 02:41:49,345 - app - INFO - Modificando columna 'answer' en `answer_options`: tipo=TEXT, nullable=True
2026-03-06 02:41:49,405 - app - INFO - Modificando columna 'is_correct' en `answer_options`: tipo=BOOL, nullable=True
2026-03-06 02:41:49,468 - app - INFO - Modificando columna 'answers' en `user_responses`: tipo=TEXT, nullable=True
2026-03-06 02:41:49,522 - app - INFO - Modificando columna 'payload' en `system_logs`: tipo=TEXT, nullable=True
2026-03-06 02:41:49,585 - app - INFO - Modificando columna 'response' en `system_logs`: tipo=TEXT, nullable=True
2026-03-06 02:41:49,627 - app - INFO - Modificando columna 'user_agent' en `system_logs`: tipo=TEXT, nullable=True
2026-03-06 02:41:49,667 - app - INFO - Checking for seed data...
2026-03-06 02:41:49,684 - app - INFO - Seeding Roles...
2026-03-06 02:41:49,710 - app - INFO - Roles seeded successfully.
2026-03-06 02:41:49,714 - app - INFO - Seeding Schools...
2026-03-06 02:41:49,743 - app - INFO - Schools seeded successfully.
2026-03-06 02:41:49,747 - app - INFO - Seeding Categories...
2026-03-06 02:41:49,796 - app - INFO - Categories seeded successfully.
2026-03-06 02:41:49,797 - app - INFO - Database Initialized
2026-03-06 02:43:18,610 - app - INFO - Key: sesamo, URI: mysql+pymysql://root:johansSwq21321*@127.0.0.1:3307/sesamo
2026-03-06 02:44:24,023 - passlib.utils.compat - DEBUG - loaded lazy attr 'SafeConfigParser': <class 'configparser.ConfigParser'>
2026-03-06 02:44:24,023 - passlib.utils.compat - DEBUG - loaded lazy attr 'NativeStringIO': <class '_io.StringIO'>
2026-03-06 02:44:24,023 - passlib.utils.compat - DEBUG - loaded lazy attr 'BytesIO': <class '_io.BytesIO'>
2026-03-06 02:44:24,025 - passlib.registry - DEBUG - registered 'bcrypt' handler: <class 'passlib.handlers.bcrypt.bcrypt'>
2026-03-06 02:44:24,082 - app - INFO - Initializing Database
2026-03-06 02:44:24,140 - app - INFO - Modificando columna 'question_text' en `questions`: tipo=TEXT, nullable=True
2026-03-06 02:44:24,191 - app - INFO - Modificando columna 'answer' en `answer_options`: tipo=TEXT, nullable=True
2026-03-06 02:44:24,228 - app - INFO - Modificando columna 'is_correct' en `answer_options`: tipo=BOOL, nullable=True
2026-03-06 02:44:24,268 - app - INFO - Modificando columna 'answers' en `user_responses`: tipo=TEXT, nullable=True
2026-03-06 02:44:24,315 - app - INFO - Modificando columna 'payload' en `system_logs`: tipo=TEXT, nullable=True
2026-03-06 02:44:24,354 - app - INFO - Modificando columna 'response' en `system_logs`: tipo=TEXT, nullable=True
2026-03-06 02:44:24,407 - app - INFO - Modificando columna 'user_agent' en `system_logs`: tipo=TEXT, nullable=True
2026-03-06 02:44:24,558 - app - INFO - Checking for seed data...
2026-03-06 02:44:24,581 - app - INFO - Database Initialized
2026-03-06 02:44:32,835 - passlib.utils.compat - DEBUG - loaded lazy attr 'SafeConfigParser': <class 'configparser.ConfigParser'>
2026-03-06 02:44:32,835 - passlib.utils.compat - DEBUG - loaded lazy attr 'NativeStringIO': <class '_io.StringIO'>
2026-03-06 02:44:32,836 - passlib.utils.compat - DEBUG - loaded lazy attr 'BytesIO': <class '_io.BytesIO'>
2026-03-06 02:44:32,837 - passlib.registry - DEBUG - registered 'bcrypt' handler: <class 'passlib.handlers.bcrypt.bcrypt'>
2026-03-06 02:44:32,895 - app - INFO - Initializing Database
2026-03-06 02:44:32,937 - app - INFO - Modificando columna 'question_text' en `questions`: tipo=TEXT, nullable=True
2026-03-06 02:44:32,979 - app - INFO - Modificando columna 'answer' en `answer_options`: tipo=TEXT, nullable=True
2026-03-06 02:44:33,017 - app - INFO - Modificando columna 'is_correct' en `answer_options`: tipo=BOOL, nullable=True
2026-03-06 02:44:33,063 - app - INFO - Modificando columna 'answers' en `user_responses`: tipo=TEXT, nullable=True
2026-03-06 02:44:33,108 - app - INFO - Modificando columna 'payload' en `system_logs`: tipo=TEXT, nullable=True
2026-03-06 02:44:33,158 - app - INFO - Modificando columna 'response' en `system_logs`: tipo=TEXT, nullable=True
2026-03-06 02:44:33,193 - app - INFO - Modificando columna 'user_agent' en `system_logs`: tipo=TEXT, nullable=True
2026-03-06 02:44:33,233 - app - INFO - Checking for seed data...
2026-03-06 02:44:33,253 - app - INFO - Database Initialized
2026-03-06 02:44:41,031 - passlib.utils.compat - DEBUG - loaded lazy attr 'SafeConfigParser': <class 'configparser.ConfigParser'>
2026-03-06 02:44:41,031 - passlib.utils.compat - DEBUG - loaded lazy attr 'NativeStringIO': <class '_io.StringIO'>
2026-03-06 02:44:41,031 - passlib.utils.compat - DEBUG - loaded lazy attr 'BytesIO': <class '_io.BytesIO'>
2026-03-06 02:44:41,032 - passlib.registry - DEBUG - registered 'bcrypt' handler: <class 'passlib.handlers.bcrypt.bcrypt'>
2026-03-06 02:46:14,311 - passlib.utils.compat - DEBUG - loaded lazy attr 'SafeConfigParser': <class 'configparser.ConfigParser'>
2026-03-06 02:46:14,311 - passlib.utils.compat - DEBUG - loaded lazy attr 'NativeStringIO': <class '_io.StringIO'>
2026-03-06 02:46:14,311 - passlib.utils.compat - DEBUG - loaded lazy attr 'BytesIO': <class '_io.BytesIO'>
2026-03-06 02:46:14,313 - passlib.registry - DEBUG - registered 'bcrypt' handler: <class 'passlib.handlers.bcrypt.bcrypt'>
2026-03-06 02:46:14,373 - app - INFO - Initializing Database
2026-03-06 02:46:14,459 - app - INFO - Modificando columna 'question_text' en `questions`: tipo=TEXT, nullable=True
2026-03-06 02:46:14,518 - app - INFO - Modificando columna 'answer' en `answer_options`: tipo=TEXT, nullable=True
2026-03-06 02:46:14,562 - app - INFO - Modificando columna 'is_correct' en `answer_options`: tipo=BOOL, nullable=True
2026-03-06 02:46:14,593 - app - INFO - Modificando columna 'answers' en `user_responses`: tipo=TEXT, nullable=True
2026-03-06 02:46:14,637 - app - INFO - Modificando columna 'payload' en `system_logs`: tipo=TEXT, nullable=True
2026-03-06 02:46:14,674 - app - INFO - Modificando columna 'response' en `system_logs`: tipo=TEXT, nullable=True
2026-03-06 02:46:14,718 - app - INFO - Modificando columna 'user_agent' en `system_logs`: tipo=TEXT, nullable=True
2026-03-06 02:46:14,756 - app - INFO - Checking for seed data...
2026-03-06 02:46:14,781 - app - INFO - Database Initialized
2026-03-06 02:46:41,746 - passlib.utils.compat - DEBUG - loaded lazy attr 'SafeConfigParser': <class 'configparser.ConfigParser'>
2026-03-06 02:46:41,746 - passlib.utils.compat - DEBUG - loaded lazy attr 'NativeStringIO': <class '_io.StringIO'>
2026-03-06 02:46:41,746 - passlib.utils.compat - DEBUG - loaded lazy attr 'BytesIO': <class '_io.BytesIO'>
2026-03-06 02:46:41,747 - passlib.registry - DEBUG - registered 'bcrypt' handler: <class 'passlib.handlers.bcrypt.bcrypt'>
2026-03-06 02:46:41,802 - app - INFO - Initializing Database
2026-03-06 02:46:41,842 - app - INFO - Modificando columna 'question_text' en `questions`: tipo=TEXT, nullable=True
2026-03-06 02:46:41,925 - app - INFO - Modificando columna 'answer' en `answer_options`: tipo=TEXT, nullable=True
2026-03-06 02:46:41,964 - app - INFO - Modificando columna 'is_correct' en `answer_options`: tipo=BOOL, nullable=True
2026-03-06 02:46:41,999 - app - INFO - Modificando columna 'answers' en `user_responses`: tipo=TEXT, nullable=True
2026-03-06 02:46:42,054 - app - INFO - Modificando columna 'payload' en `system_logs`: tipo=TEXT, nullable=True
2026-03-06 02:46:42,091 - app - INFO - Modificando columna 'response' en `system_logs`: tipo=TEXT, nullable=True
2026-03-06 02:46:42,128 - app - INFO - Modificando columna 'user_agent' en `system_logs`: tipo=TEXT, nullable=True
2026-03-06 02:46:42,169 - app - INFO - Checking for seed data...
2026-03-06 02:46:42,190 - app - INFO - Database Initialized
2026-03-06 02:46:50,229 - passlib.utils.compat - DEBUG - loaded lazy attr 'SafeConfigParser': <class 'configparser.ConfigParser'>
2026-03-06 02:46:50,229 - passlib.utils.compat - DEBUG - loaded lazy attr 'NativeStringIO': <class '_io.StringIO'>
2026-03-06 02:46:50,230 - passlib.utils.compat - DEBUG - loaded lazy attr 'BytesIO': <class '_io.BytesIO'>
2026-03-06 02:46:50,231 - passlib.registry - DEBUG - registered 'bcrypt' handler: <class 'passlib.handlers.bcrypt.bcrypt'>
2026-03-06 02:46:50,300 - app - INFO - Initializing Database
2026-03-06 02:46:50,345 - app - INFO - Modificando columna 'question_text' en `questions`: tipo=TEXT, nullable=True
2026-03-06 02:46:50,392 - app - INFO - Modificando columna 'answer' en `answer_options`: tipo=TEXT, nullable=True
2026-03-06 02:46:50,433 - app - INFO - Modificando columna 'is_correct' en `answer_options`: tipo=BOOL, nullable=True
2026-03-06 02:46:50,473 - app - INFO - Modificando columna 'answers' en `user_responses`: tipo=TEXT, nullable=True
2026-03-06 02:46:50,516 - app - INFO - Modificando columna 'payload' en `system_logs`: tipo=TEXT, nullable=True
2026-03-06 02:46:50,545 - app - INFO - Modificando columna 'response' en `system_logs`: tipo=TEXT, nullable=True
2026-03-06 02:46:50,578 - app - INFO - Modificando columna 'user_agent' en `system_logs`: tipo=TEXT, nullable=True
2026-03-06 02:46:50,621 - app - INFO - Checking for seed data...
2026-03-06 02:46:50,639 - app - INFO - Database Initialized
2026-03-06 02:47:52,762 - passlib.utils.compat - DEBUG - loaded lazy attr 'SafeConfigParser': <class 'configparser.ConfigParser'>
2026-03-06 02:47:52,762 - passlib.utils.compat - DEBUG - loaded lazy attr 'NativeStringIO': <class '_io.StringIO'>
2026-03-06 02:47:52,762 - passlib.utils.compat - DEBUG - loaded lazy attr 'BytesIO': <class '_io.BytesIO'>
2026-03-06 02:47:52,764 - passlib.registry - DEBUG - registered 'bcrypt' handler: <class 'passlib.handlers.bcrypt.bcrypt'>
2026-03-06 02:47:52,827 - app - INFO - Initializing Database
2026-03-06 02:47:52,916 - app - INFO - Modificando columna 'question_text' en `questions`: tipo=TEXT, nullable=True
2026-03-06 02:47:52,963 - app - INFO - Modificando columna 'answer' en `answer_options`: tipo=TEXT, nullable=True
2026-03-06 02:47:53,002 - app - INFO - Modificando columna 'is_correct' en `answer_options`: tipo=BOOL, nullable=True
2026-03-06 02:47:53,046 - app - INFO - Modificando columna 'answers' en `user_responses`: tipo=TEXT, nullable=True
2026-03-06 02:47:53,115 - app - INFO - Modificando columna 'payload' en `system_logs`: tipo=TEXT, nullable=True
2026-03-06 02:47:53,177 - app - INFO - Modificando columna 'response' en `system_logs`: tipo=TEXT, nullable=True
2026-03-06 02:47:53,214 - app - INFO - Modificando columna 'user_agent' en `system_logs`: tipo=TEXT, nullable=True
2026-03-06 02:47:53,252 - app - INFO - Checking for seed data...
2026-03-06 02:47:53,278 - app - INFO - Database Initialized
2026-03-06 02:48:06,193 - passlib.utils.compat - DEBUG - loaded lazy attr 'SafeConfigParser': <class 'configparser.ConfigParser'>
2026-03-06 02:48:06,194 - passlib.utils.compat - DEBUG - loaded lazy attr 'NativeStringIO': <class '_io.StringIO'>
2026-03-06 02:48:06,194 - passlib.utils.compat - DEBUG - loaded lazy attr 'BytesIO': <class '_io.BytesIO'>
2026-03-06 02:48:06,195 - passlib.registry - DEBUG - registered 'bcrypt' handler: <class 'passlib.handlers.bcrypt.bcrypt'>
2026-03-06 02:49:36,562 - passlib.utils.compat - DEBUG - loaded lazy attr 'SafeConfigParser': <class 'configparser.ConfigParser'>
2026-03-06 02:49:36,562 - passlib.utils.compat - DEBUG - loaded lazy attr 'NativeStringIO': <class '_io.StringIO'>
2026-03-06 02:49:36,562 - passlib.utils.compat - DEBUG - loaded lazy attr 'BytesIO': <class '_io.BytesIO'>
2026-03-06 02:49:36,563 - passlib.registry - DEBUG - registered 'bcrypt' handler: <class 'passlib.handlers.bcrypt.bcrypt'>
2026-03-06 02:49:36,632 - app - INFO - Initializing Database
2026-03-06 02:49:36,715 - app - INFO - Modificando columna 'question_text' en `questions`: tipo=TEXT, nullable=True
2026-03-06 02:49:36,762 - app - INFO - Modificando columna 'answer' en `answer_options`: tipo=TEXT, nullable=True
2026-03-06 02:49:36,798 - app - INFO - Modificando columna 'is_correct' en `answer_options`: tipo=BOOL, nullable=True
2026-03-06 02:49:36,842 - app - INFO - Modificando columna 'answers' en `user_responses`: tipo=TEXT, nullable=True
2026-03-06 02:49:36,904 - app - INFO - Modificando columna 'payload' en `system_logs`: tipo=TEXT, nullable=True
2026-03-06 02:49:36,943 - app - INFO - Modificando columna 'response' en `system_logs`: tipo=TEXT, nullable=True
2026-03-06 02:49:36,990 - app - INFO - Modificando columna 'user_agent' en `system_logs`: tipo=TEXT, nullable=True
2026-03-06 02:49:37,030 - app - INFO - Checking for seed data...
2026-03-06 02:49:37,042 - app - INFO - Database Initialized
2026-03-06 02:54:20,664 - passlib.utils.compat - DEBUG - loaded lazy attr 'SafeConfigParser': <class 'configparser.ConfigParser'>
2026-03-06 02:54:20,664 - passlib.utils.compat - DEBUG - loaded lazy attr 'NativeStringIO': <class '_io.StringIO'>
2026-03-06 02:54:20,664 - passlib.utils.compat - DEBUG - loaded lazy attr 'BytesIO': <class '_io.BytesIO'>
2026-03-06 02:54:20,665 - passlib.registry - DEBUG - registered 'bcrypt' handler: <class 'passlib.handlers.bcrypt.bcrypt'>
2026-03-06 02:54:20,724 - app - INFO - Initializing Database
2026-03-06 02:54:20,838 - app - INFO - Modificando columna 'question_text' en `questions`: tipo=TEXT, nullable=True
2026-03-06 02:54:20,882 - app - INFO - Modificando columna 'answer' en `answer_options`: tipo=TEXT, nullable=True
2026-03-06 02:54:20,919 - app - INFO - Modificando columna 'is_correct' en `answer_options`: tipo=BOOL, nullable=True
2026-03-06 02:54:20,966 - app - INFO - Modificando columna 'answers' en `user_responses`: tipo=TEXT, nullable=True
2026-03-06 02:54:21,002 - app - INFO - Modificando columna 'payload' en `system_logs`: tipo=TEXT, nullable=True
2026-03-06 02:54:21,038 - app - INFO - Modificando columna 'response' en `system_logs`: tipo=TEXT, nullable=True
2026-03-06 02:54:21,098 - app - INFO - Modificando columna 'user_agent' en `system_logs`: tipo=TEXT, nullable=True
2026-03-06 02:54:21,140 - app - INFO - Checking for seed data...
2026-03-06 02:54:21,157 - app - INFO - Database Initialized
2026-03-06 02:54:26,927 - passlib.utils.compat - DEBUG - loaded lazy attr 'SafeConfigParser': <class 'configparser.ConfigParser'>
2026-03-06 02:54:26,927 - passlib.utils.compat - DEBUG - loaded lazy attr 'NativeStringIO': <class '_io.StringIO'>
2026-03-06 02:54:26,927 - passlib.utils.compat - DEBUG - loaded lazy attr 'BytesIO': <class '_io.BytesIO'>
2026-03-06 02:54:26,929 - passlib.registry - DEBUG - registered 'bcrypt' handler: <class 'passlib.handlers.bcrypt.bcrypt'>
2026-03-06 02:54:26,987 - app - INFO - Initializing Database
2026-03-06 02:54:27,023 - app - INFO - Modificando columna 'question_text' en `questions`: tipo=TEXT, nullable=True
2026-03-06 02:54:27,063 - app - INFO - Modificando columna 'answer' en `answer_options`: tipo=TEXT, nullable=True
2026-03-06 02:54:27,112 - app - INFO - Modificando columna 'is_correct' en `answer_options`: tipo=BOOL, nullable=True
2026-03-06 02:54:27,154 - app - INFO - Modificando columna 'answers' en `user_responses`: tipo=TEXT, nullable=True
2026-03-06 02:54:27,204 - app - INFO - Modificando columna 'payload' en `system_logs`: tipo=TEXT, nullable=True
2026-03-06 02:54:27,241 - app - INFO - Modificando columna 'response' en `system_logs`: tipo=TEXT, nullable=True
2026-03-06 02:54:27,321 - app - INFO - Modificando columna 'user_agent' en `system_logs`: tipo=TEXT, nullable=True
2026-03-06 02:54:27,410 - app - INFO - Checking for seed data...
2026-03-06 02:54:27,428 - app - INFO - Database Initialized
2026-03-06 02:56:10,857 - passlib.utils.compat - DEBUG - loaded lazy attr 'SafeConfigParser': <class 'configparser.ConfigParser'>
2026-03-06 02:56:10,857 - passlib.utils.compat - DEBUG - loaded lazy attr 'NativeStringIO': <class '_io.StringIO'>
2026-03-06 02:56:10,857 - passlib.utils.compat - DEBUG - loaded lazy attr 'BytesIO': <class '_io.BytesIO'>
2026-03-06 02:56:10,859 - passlib.registry - DEBUG - registered 'bcrypt' handler: <class 'passlib.handlers.bcrypt.bcrypt'>
2026-03-06 02:56:10,917 - app - INFO - Initializing Database
2026-03-06 02:56:10,984 - app - INFO - Modificando columna 'question_text' en `questions`: tipo=TEXT, nullable=True
2026-03-06 02:56:11,047 - app - INFO - Modificando columna 'answer' en `answer_options`: tipo=TEXT, nullable=True
2026-03-06 02:56:11,088 - app - INFO - Modificando columna 'is_correct' en `answer_options`: tipo=BOOL, nullable=True
2026-03-06 02:56:11,140 - app - INFO - Modificando columna 'answers' en `user_responses`: tipo=TEXT, nullable=True
2026-03-06 02:56:11,180 - app - INFO - Modificando columna 'payload' en `system_logs`: tipo=TEXT, nullable=True
2026-03-06 02:56:11,234 - app - INFO - Modificando columna 'response' en `system_logs`: tipo=TEXT, nullable=True
2026-03-06 02:56:11,283 - app - INFO - Modificando columna 'user_agent' en `system_logs`: tipo=TEXT, nullable=True
2026-03-06 02:56:11,325 - app - INFO - Checking for seed data...
2026-03-06 02:56:11,347 - app - INFO - Database Initialized
2026-03-06 02:56:20,328 - passlib.utils.compat - DEBUG - loaded lazy attr 'SafeConfigParser': <class 'configparser.ConfigParser'>
2026-03-06 02:56:20,329 - passlib.utils.compat - DEBUG - loaded lazy attr 'NativeStringIO': <class '_io.StringIO'>
2026-03-06 02:56:20,329 - passlib.utils.compat - DEBUG - loaded lazy attr 'BytesIO': <class '_io.BytesIO'>
2026-03-06 02:56:20,330 - passlib.registry - DEBUG - registered 'bcrypt' handler: <class 'passlib.handlers.bcrypt.bcrypt'>
2026-03-06 02:56:20,381 - app - INFO - Initializing Database
2026-03-06 02:56:20,453 - app - INFO - Modificando columna 'question_text' en `questions`: tipo=TEXT, nullable=True
2026-03-06 02:56:20,500 - app - INFO - Modificando columna 'answer' en `answer_options`: tipo=TEXT, nullable=True
2026-03-06 02:56:20,534 - app - INFO - Modificando columna 'is_correct' en `answer_options`: tipo=BOOL, nullable=True
2026-03-06 02:56:20,569 - app - INFO - Modificando columna 'answers' en `user_responses`: tipo=TEXT, nullable=True
2026-03-06 02:56:20,671 - app - INFO - Modificando columna 'payload' en `system_logs`: tipo=TEXT, nullable=True
2026-03-06 02:56:20,710 - app - INFO - Modificando columna 'response' en `system_logs`: tipo=TEXT, nullable=True
2026-03-06 02:56:20,754 - app - INFO - Modificando columna 'user_agent' en `system_logs`: tipo=TEXT, nullable=True
2026-03-06 02:56:20,790 - app - INFO - Checking for seed data...
2026-03-06 02:56:20,812 - app - INFO - Database Initialized
2026-03-06 02:56:30,691 - passlib.utils.compat - DEBUG - loaded lazy attr 'SafeConfigParser': <class 'configparser.ConfigParser'>
2026-03-06 02:56:30,692 - passlib.utils.compat - DEBUG - loaded lazy attr 'NativeStringIO': <class '_io.StringIO'>
2026-03-06 02:56:30,692 - passlib.utils.compat - DEBUG - loaded lazy attr 'BytesIO': <class '_io.BytesIO'>
2026-03-06 02:56:30,693 - passlib.registry - DEBUG - registered 'bcrypt' handler: <class 'passlib.handlers.bcrypt.bcrypt'>
2026-03-06 02:56:30,745 - app - INFO - Initializing Database
2026-03-06 02:56:30,784 - app - INFO - Modificando columna 'question_text' en `questions`: tipo=TEXT, nullable=True
2026-03-06 02:56:30,831 - app - INFO - Modificando columna 'answer' en `answer_options`: tipo=TEXT, nullable=True
2026-03-06 02:56:30,873 - app - INFO - Modificando columna 'is_correct' en `answer_options`: tipo=BOOL, nullable=True
2026-03-06 02:56:30,915 - app - INFO - Modificando columna 'answers' en `user_responses`: tipo=TEXT, nullable=True
2026-03-06 02:56:30,956 - app - INFO - Modificando columna 'payload' en `system_logs`: tipo=TEXT, nullable=True
2026-03-06 02:56:30,997 - app - INFO - Modificando columna 'response' en `system_logs`: tipo=TEXT, nullable=True
2026-03-06 02:56:31,034 - app - INFO - Modificando columna 'user_agent' en `system_logs`: tipo=TEXT, nullable=True
2026-03-06 02:56:31,073 - app - INFO - Checking for seed data...
2026-03-06 02:56:31,089 - app - INFO - Database Initialized
2026-03-06 02:56:48,466 - passlib.utils.compat - DEBUG - loaded lazy attr 'SafeConfigParser': <class 'configparser.ConfigParser'>
2026-03-06 02:56:48,467 - passlib.utils.compat - DEBUG - loaded lazy attr 'NativeStringIO': <class '_io.StringIO'>
2026-03-06 02:56:48,467 - passlib.utils.compat - DEBUG - loaded lazy attr 'BytesIO': <class '_io.BytesIO'>
2026-03-06 02:56:48,468 - passlib.registry - DEBUG - registered 'bcrypt' handler: <class 'passlib.handlers.bcrypt.bcrypt'>
2026-03-06 02:58:29,104 - app - INFO - Key: sesamo, URI: mysql+pymysql://root:johansSwq21321*@127.0.0.1:3307/sesamo
2026-03-06 03:00:31,476 - passlib.utils.compat - DEBUG - loaded lazy attr 'SafeConfigParser': <class 'configparser.ConfigParser'>
2026-03-06 03:00:31,476 - passlib.utils.compat - DEBUG - loaded lazy attr 'NativeStringIO': <class '_io.StringIO'>
2026-03-06 03:00:31,476 - passlib.utils.compat - DEBUG - loaded lazy attr 'BytesIO': <class '_io.BytesIO'>
2026-03-06 03:00:31,477 - passlib.registry - DEBUG - registered 'bcrypt' handler: <class 'passlib.handlers.bcrypt.bcrypt'>
2026-03-06 03:00:31,533 - app - INFO - Initializing Database
2026-03-06 03:00:31,584 - app - INFO - Modificando columna 'question_text' en `questions`: tipo=TEXT, nullable=True
2026-03-06 03:00:31,631 - app - INFO - Modificando columna 'answer' en `answer_options`: tipo=TEXT, nullable=True
2026-03-06 03:00:31,677 - app - INFO - Modificando columna 'is_correct' en `answer_options`: tipo=BOOL, nullable=True
2026-03-06 03:00:31,717 - app - INFO - Modificando columna 'answers' en `user_responses`: tipo=TEXT, nullable=True
2026-03-06 03:00:31,770 - app - INFO - Modificando columna 'payload' en `system_logs`: tipo=TEXT, nullable=True
2026-03-06 03:00:31,809 - app - INFO - Modificando columna 'response' en `system_logs`: tipo=TEXT, nullable=True
2026-03-06 03:00:31,846 - app - INFO - Modificando columna 'user_agent' en `system_logs`: tipo=TEXT, nullable=True
2026-03-06 03:00:31,906 - app - INFO - Checking for seed data...
2026-03-06 03:00:31,932 - app - INFO - Database Initialized
2026-03-06 03:00:36,872 - passlib.utils.compat - DEBUG - loaded lazy attr 'SafeConfigParser': <class 'configparser.ConfigParser'>
2026-03-06 03:00:36,872 - passlib.utils.compat - DEBUG - loaded lazy attr 'NativeStringIO': <class '_io.StringIO'>
2026-03-06 03:00:36,872 - passlib.utils.compat - DEBUG - loaded lazy attr 'BytesIO': <class '_io.BytesIO'>
2026-03-06 03:00:36,874 - passlib.registry - DEBUG - registered 'bcrypt' handler: <class 'passlib.handlers.bcrypt.bcrypt'>
2026-03-06 03:00:36,926 - app - INFO - Initializing Database
2026-03-06 03:00:36,968 - app - INFO - Modificando columna 'question_text' en `questions`: tipo=TEXT, nullable=True
2026-03-06 03:00:37,015 - app - INFO - Modificando columna 'answer' en `answer_options`: tipo=TEXT, nullable=True
2026-03-06 03:00:37,070 - app - INFO - Modificando columna 'is_correct' en `answer_options`: tipo=BOOL, nullable=True
2026-03-06 03:00:37,105 - app - INFO - Modificando columna 'answers' en `user_responses`: tipo=TEXT, nullable=True
2026-03-06 03:00:37,144 - app - INFO - Modificando columna 'payload' en `system_logs`: tipo=TEXT, nullable=True
2026-03-06 03:00:37,184 - app - INFO - Modificando columna 'response' en `system_logs`: tipo=TEXT, nullable=True
2026-03-06 03:00:37,232 - app - INFO - Modificando columna 'user_agent' en `system_logs`: tipo=TEXT, nullable=True
2026-03-06 03:00:37,271 - app - INFO - Checking for seed data...
2026-03-06 03:00:37,295 - app - INFO - Database Initialized
2026-03-06 03:03:15,762 - passlib.utils.compat - DEBUG - loaded lazy attr 'SafeConfigParser': <class 'configparser.ConfigParser'>
2026-03-06 03:03:15,762 - passlib.utils.compat - DEBUG - loaded lazy attr 'NativeStringIO': <class '_io.StringIO'>
2026-03-06 03:03:15,762 - passlib.utils.compat - DEBUG - loaded lazy attr 'BytesIO': <class '_io.BytesIO'>
2026-03-06 03:03:15,763 - passlib.registry - DEBUG - registered 'bcrypt' handler: <class 'passlib.handlers.bcrypt.bcrypt'>
2026-03-06 03:03:15,826 - app - INFO - Initializing Database
2026-03-06 03:03:15,911 - app - INFO - Modificando columna 'question_text' en `questions`: tipo=TEXT, nullable=True
2026-03-06 03:03:15,963 - app - INFO - Modificando columna 'answer' en `answer_options`: tipo=TEXT, nullable=True
2026-03-06 03:03:16,005 - app - INFO - Modificando columna 'is_correct' en `answer_options`: tipo=BOOL, nullable=True
2026-03-06 03:03:16,044 - app - INFO - Modificando columna 'answers' en `user_responses`: tipo=TEXT, nullable=True
2026-03-06 03:03:16,089 - app - INFO - Modificando columna 'payload' en `system_logs`: tipo=TEXT, nullable=True
2026-03-06 03:03:16,134 - app - INFO - Modificando columna 'response' en `system_logs`: tipo=TEXT, nullable=True
2026-03-06 03:03:16,190 - app - INFO - Modificando columna 'user_agent' en `system_logs`: tipo=TEXT, nullable=True
2026-03-06 03:03:16,242 - app - INFO - Checking for seed data...
2026-03-06 03:03:16,270 - app - INFO - Database Initialized
2026-03-06 03:07:30,685 - passlib.utils.compat - DEBUG - loaded lazy attr 'SafeConfigParser': <class 'configparser.ConfigParser'>
2026-03-06 03:07:30,685 - passlib.utils.compat - DEBUG - loaded lazy attr 'NativeStringIO': <class '_io.StringIO'>
2026-03-06 03:07:30,685 - passlib.utils.compat - DEBUG - loaded lazy attr 'BytesIO': <class '_io.BytesIO'>
2026-03-06 03:07:30,686 - passlib.registry - DEBUG - registered 'bcrypt' handler: <class 'passlib.handlers.bcrypt.bcrypt'>
2026-03-06 03:07:30,753 - app - INFO - Initializing Database
2026-03-06 03:07:30,847 - app - INFO - Modificando columna 'question_text' en `questions`: tipo=TEXT, nullable=True
2026-03-06 03:07:30,897 - app - INFO - Modificando columna 'answer' en `answer_options`: tipo=TEXT, nullable=True
2026-03-06 03:07:30,934 - app - INFO - Modificando columna 'is_correct' en `answer_options`: tipo=BOOL, nullable=True
2026-03-06 03:07:30,986 - app - INFO - Modificando columna 'answers' en `user_responses`: tipo=TEXT, nullable=True
2026-03-06 03:07:31,028 - app - INFO - Modificando columna 'payload' en `system_logs`: tipo=TEXT, nullable=True
2026-03-06 03:07:31,073 - app - INFO - Modificando columna 'response' en `system_logs`: tipo=TEXT, nullable=True
2026-03-06 03:07:31,135 - app - INFO - Modificando columna 'user_agent' en `system_logs`: tipo=TEXT, nullable=True
2026-03-06 03:07:31,182 - app - INFO - Checking for seed data...
2026-03-06 03:07:31,199 - app - INFO - Database Initialized
2026-03-06 03:08:09,713 - passlib.utils.compat - DEBUG - loaded lazy attr 'SafeConfigParser': <class 'configparser.ConfigParser'>
2026-03-06 03:08:09,713 - passlib.utils.compat - DEBUG - loaded lazy attr 'NativeStringIO': <class '_io.StringIO'>
2026-03-06 03:08:09,713 - passlib.utils.compat - DEBUG - loaded lazy attr 'BytesIO': <class '_io.BytesIO'>
2026-03-06 03:08:09,714 - passlib.registry - DEBUG - registered 'bcrypt' handler: <class 'passlib.handlers.bcrypt.bcrypt'>
2026-03-06 03:08:09,777 - app - INFO - Initializing Database
2026-03-06 03:08:09,839 - app - INFO - Modificando columna 'question_text' en `questions`: tipo=TEXT, nullable=True
2026-03-06 03:08:09,891 - app - INFO - Modificando columna 'answer' en `answer_options`: tipo=TEXT, nullable=True
2026-03-06 03:08:09,927 - app - INFO - Modificando columna 'is_correct' en `answer_options`: tipo=BOOL, nullable=True
2026-03-06 03:08:09,965 - app - INFO - Modificando columna 'answers' en `user_responses`: tipo=TEXT, nullable=True
2026-03-06 03:08:10,002 - app - INFO - Modificando columna 'payload' en `system_logs`: tipo=TEXT, nullable=True
2026-03-06 03:08:10,054 - app - INFO - Modificando columna 'response' en `system_logs`: tipo=TEXT, nullable=True
2026-03-06 03:08:10,101 - app - INFO - Modificando columna 'user_agent' en `system_logs`: tipo=TEXT, nullable=True
2026-03-06 03:08:10,146 - app - INFO - Checking for seed data...
2026-03-06 03:08:10,174 - app - INFO - Database Initialized
2026-03-06 03:10:52,351 - passlib.utils.compat - DEBUG - loaded lazy attr 'SafeConfigParser': <class 'configparser.ConfigParser'>
2026-03-06 03:10:52,351 - passlib.utils.compat - DEBUG - loaded lazy attr 'NativeStringIO': <class '_io.StringIO'>
2026-03-06 03:10:52,351 - passlib.utils.compat - DEBUG - loaded lazy attr 'BytesIO': <class '_io.BytesIO'>
2026-03-06 03:10:52,352 - passlib.registry - DEBUG - registered 'bcrypt' handler: <class 'passlib.handlers.bcrypt.bcrypt'>
2026-03-06 03:10:52,413 - app - INFO - Initializing Database
2026-03-06 03:10:52,499 - app - INFO - Modificando columna 'question_text' en `questions`: tipo=TEXT, nullable=True
2026-03-06 03:10:52,555 - app - INFO - Modificando columna 'answer' en `answer_options`: tipo=TEXT, nullable=True
2026-03-06 03:10:52,592 - app - INFO - Modificando columna 'is_correct' en `answer_options`: tipo=BOOL, nullable=True
2026-03-06 03:10:52,639 - app - INFO - Modificando columna 'answers' en `user_responses`: tipo=TEXT, nullable=True
2026-03-06 03:10:52,697 - app - INFO - Modificando columna 'payload' en `system_logs`: tipo=TEXT, nullable=True
2026-03-06 03:10:52,759 - app - INFO - Modificando columna 'response' en `system_logs`: tipo=TEXT, nullable=True
2026-03-06 03:10:52,857 - app - INFO - Modificando columna 'user_agent' en `system_logs`: tipo=TEXT, nullable=True
2026-03-06 03:10:52,918 - app - INFO - Checking for seed data...
2026-03-06 03:10:52,937 - app - INFO - Database Initialized
2026-03-06 03:10:53,276 - passlib.utils.compat - DEBUG - loaded lazy attr 'SafeConfigParser': <class 'configparser.ConfigParser'>
2026-03-06 03:10:53,276 - passlib.utils.compat - DEBUG - loaded lazy attr 'NativeStringIO': <class '_io.StringIO'>
2026-03-06 03:10:53,276 - passlib.utils.compat - DEBUG - loaded lazy attr 'BytesIO': <class '_io.BytesIO'>
2026-03-06 03:10:53,277 - passlib.registry - DEBUG - registered 'bcrypt' handler: <class 'passlib.handlers.bcrypt.bcrypt'>
2026-03-06 03:10:53,323 - app - INFO - Initializing Database
2026-03-06 03:10:53,358 - app - INFO - Modificando columna 'question_text' en `questions`: tipo=TEXT, nullable=True
2026-03-06 03:10:53,406 - app - INFO - Modificando columna 'answer' en `answer_options`: tipo=TEXT, nullable=True
2026-03-06 03:10:53,443 - app - INFO - Modificando columna 'is_correct' en `answer_options`: tipo=BOOL, nullable=True
2026-03-06 03:10:53,518 - app - INFO - Modificando columna 'answers' en `user_responses`: tipo=TEXT, nullable=True
2026-03-06 03:10:53,561 - app - INFO - Modificando columna 'payload' en `system_logs`: tipo=TEXT, nullable=True
2026-03-06 03:10:53,609 - app - INFO - Modificando columna 'response' en `system_logs`: tipo=TEXT, nullable=True
2026-03-06 03:10:53,661 - app - INFO - Modificando columna 'user_agent' en `system_logs`: tipo=TEXT, nullable=True
2026-03-06 03:10:53,712 - app - INFO - Checking for seed data...
2026-03-06 03:10:53,728 - app - INFO - Database Initialized
2026-03-06 03:10:54,267 - passlib.utils.compat - DEBUG - loaded lazy attr 'SafeConfigParser': <class 'configparser.ConfigParser'>
2026-03-06 03:10:54,268 - passlib.utils.compat - DEBUG - loaded lazy attr 'NativeStringIO': <class '_io.StringIO'>
2026-03-06 03:10:54,268 - passlib.utils.compat - DEBUG - loaded lazy attr 'BytesIO': <class '_io.BytesIO'>
2026-03-06 03:10:54,268 - passlib.registry - DEBUG - registered 'bcrypt' handler: <class 'passlib.handlers.bcrypt.bcrypt'>
2026-03-06 03:10:54,317 - app - INFO - Initializing Database
2026-03-06 03:10:54,353 - app - INFO - Modificando columna 'question_text' en `questions`: tipo=TEXT, nullable=True
2026-03-06 03:10:54,407 - app - INFO - Modificando columna 'answer' en `answer_options`: tipo=TEXT, nullable=True
2026-03-06 03:10:54,503 - app - INFO - Modificando columna 'is_correct' en `answer_options`: tipo=BOOL, nullable=True
2026-03-06 03:10:54,546 - app - INFO - Modificando columna 'answers' en `user_responses`: tipo=TEXT, nullable=True
2026-03-06 03:10:54,583 - app - INFO - Modificando columna 'payload' en `system_logs`: tipo=TEXT, nullable=True
2026-03-06 03:10:54,640 - app - INFO - Modificando columna 'response' en `system_logs`: tipo=TEXT, nullable=True
2026-03-06 03:10:54,694 - app - INFO - Modificando columna 'user_agent' en `system_logs`: tipo=TEXT, nullable=True
2026-03-06 03:10:54,752 - app - INFO - Checking for seed data...
2026-03-06 03:10:54,779 - app - INFO - Database Initialized
2026-03-06 03:10:55,313 - passlib.utils.compat - DEBUG - loaded lazy attr 'SafeConfigParser': <class 'configparser.ConfigParser'>
2026-03-06 03:10:55,314 - passlib.utils.compat - DEBUG - loaded lazy attr 'NativeStringIO': <class '_io.StringIO'>
2026-03-06 03:10:55,314 - passlib.utils.compat - DEBUG - loaded lazy attr 'BytesIO': <class '_io.BytesIO'>
2026-03-06 03:10:55,315 - passlib.registry - DEBUG - registered 'bcrypt' handler: <class 'passlib.handlers.bcrypt.bcrypt'>
2026-03-06 03:10:55,362 - app - INFO - Initializing Database
2026-03-06 03:10:55,393 - app - INFO - Modificando columna 'question_text' en `questions`: tipo=TEXT, nullable=True
2026-03-06 03:10:55,432 - app - INFO - Modificando columna 'answer' en `answer_options`: tipo=TEXT, nullable=True
2026-03-06 03:10:55,490 - app - INFO - Modificando columna 'is_correct' en `answer_options`: tipo=BOOL, nullable=True
2026-03-06 03:10:55,531 - app - INFO - Modificando columna 'answers' en `user_responses`: tipo=TEXT, nullable=True
2026-03-06 03:10:55,584 - app - INFO - Modificando columna 'payload' en `system_logs`: tipo=TEXT, nullable=True
2026-03-06 03:10:55,639 - app - INFO - Modificando columna 'response' en `system_logs`: tipo=TEXT, nullable=True
2026-03-06 03:10:55,678 - app - INFO - Modificando columna 'user_agent' en `system_logs`: tipo=TEXT, nullable=True
2026-03-06 03:10:55,722 - app - INFO - Checking for seed data...
2026-03-06 03:10:55,736 - app - INFO - Database Initialized
2026-03-06 03:10:56,375 - passlib.utils.compat - DEBUG - loaded lazy attr 'SafeConfigParser': <class 'configparser.ConfigParser'>
2026-03-06 03:10:56,375 - passlib.utils.compat - DEBUG - loaded lazy attr 'NativeStringIO': <class '_io.StringIO'>
2026-03-06 03:10:56,375 - passlib.utils.compat - DEBUG - loaded lazy attr 'BytesIO': <class '_io.BytesIO'>
2026-03-06 03:10:56,376 - passlib.registry - DEBUG - registered 'bcrypt' handler: <class 'passlib.handlers.bcrypt.bcrypt'>
2026-03-06 03:10:56,430 - app - INFO - Initializing Database
2026-03-06 03:10:56,462 - app - INFO - Modificando columna 'question_text' en `questions`: tipo=TEXT, nullable=True
2026-03-06 03:10:56,518 - app - INFO - Modificando columna 'answer' en `answer_options`: tipo=TEXT, nullable=True
2026-03-06 03:10:56,604 - app - INFO - Modificando columna 'is_correct' en `answer_options`: tipo=BOOL, nullable=True
2026-03-06 03:10:56,690 - app - INFO - Modificando columna 'answers' en `user_responses`: tipo=TEXT, nullable=True
2026-03-06 03:10:56,744 - app - INFO - Modificando columna 'payload' en `system_logs`: tipo=TEXT, nullable=True
2026-03-06 03:10:56,782 - app - INFO - Modificando columna 'response' en `system_logs`: tipo=TEXT, nullable=True
2026-03-06 03:10:56,833 - app - INFO - Modificando columna 'user_agent' en `system_logs`: tipo=TEXT, nullable=True
2026-03-06 03:10:56,870 - app - INFO - Checking for seed data...
2026-03-06 03:10:56,894 - app - INFO - Database Initialized
2026-03-06 03:10:57,425 - passlib.utils.compat - DEBUG - loaded lazy attr 'SafeConfigParser': <class 'configparser.ConfigParser'>
2026-03-06 03:10:57,425 - passlib.utils.compat - DEBUG - loaded lazy attr 'NativeStringIO': <class '_io.StringIO'>
2026-03-06 03:10:57,425 - passlib.utils.compat - DEBUG - loaded lazy attr 'BytesIO': <class '_io.BytesIO'>
2026-03-06 03:10:57,426 - passlib.registry - DEBUG - registered 'bcrypt' handler: <class 'passlib.handlers.bcrypt.bcrypt'>
2026-03-06 03:10:57,474 - app - INFO - Initializing Database
2026-03-06 03:10:57,504 - app - INFO - Modificando columna 'question_text' en `questions`: tipo=TEXT, nullable=True
2026-03-06 03:10:57,563 - app - INFO - Modificando columna 'answer' en `answer_options`: tipo=TEXT, nullable=True
2026-03-06 03:10:57,611 - app - INFO - Modificando columna 'is_correct' en `answer_options`: tipo=BOOL, nullable=True
2026-03-06 03:10:57,676 - app - INFO - Modificando columna 'answers' en `user_responses`: tipo=TEXT, nullable=True
2026-03-06 03:10:57,711 - app - INFO - Modificando columna 'payload' en `system_logs`: tipo=TEXT, nullable=True
2026-03-06 03:10:57,756 - app - INFO - Modificando columna 'response' en `system_logs`: tipo=TEXT, nullable=True
2026-03-06 03:10:57,791 - app - INFO - Modificando columna 'user_agent' en `system_logs`: tipo=TEXT, nullable=True
2026-03-06 03:10:57,838 - app - INFO - Checking for seed data...
2026-03-06 03:10:57,853 - app - INFO - Database Initialized
2026-03-06 03:10:58,485 - passlib.utils.compat - DEBUG - loaded lazy attr 'SafeConfigParser': <class 'configparser.ConfigParser'>
2026-03-06 03:10:58,485 - passlib.utils.compat - DEBUG - loaded lazy attr 'NativeStringIO': <class '_io.StringIO'>
2026-03-06 03:10:58,485 - passlib.utils.compat - DEBUG - loaded lazy attr 'BytesIO': <class '_io.BytesIO'>
2026-03-06 03:10:58,486 - passlib.registry - DEBUG - registered 'bcrypt' handler: <class 'passlib.handlers.bcrypt.bcrypt'>
2026-03-06 03:10:58,535 - app - INFO - Initializing Database
2026-03-06 03:10:58,571 - app - INFO - Modificando columna 'question_text' en `questions`: tipo=TEXT, nullable=True
2026-03-06 03:10:58,614 - app - INFO - Modificando columna 'answer' en `answer_options`: tipo=TEXT, nullable=True
2026-03-06 03:10:58,652 - app - INFO - Modificando columna 'is_correct' en `answer_options`: tipo=BOOL, nullable=True
2026-03-06 03:10:58,703 - app - INFO - Modificando columna 'answers' en `user_responses`: tipo=TEXT, nullable=True
2026-03-06 03:10:58,752 - app - INFO - Modificando columna 'payload' en `system_logs`: tipo=TEXT, nullable=True
2026-03-06 03:10:58,794 - app - INFO - Modificando columna 'response' en `system_logs`: tipo=TEXT, nullable=True
2026-03-06 03:10:58,852 - app - INFO - Modificando columna 'user_agent' en `system_logs`: tipo=TEXT, nullable=True
2026-03-06 03:10:58,908 - app - INFO - Checking for seed data...
2026-03-06 03:10:58,922 - app - INFO - Database Initialized
2026-03-06 03:10:59,565 - passlib.utils.compat - DEBUG - loaded lazy attr 'SafeConfigParser': <class 'configparser.ConfigParser'>
2026-03-06 03:10:59,566 - passlib.utils.compat - DEBUG - loaded lazy attr 'NativeStringIO': <class '_io.StringIO'>
2026-03-06 03:10:59,566 - passlib.utils.compat - DEBUG - loaded lazy attr 'BytesIO': <class '_io.BytesIO'>
2026-03-06 03:10:59,566 - passlib.registry - DEBUG - registered 'bcrypt' handler: <class 'passlib.handlers.bcrypt.bcrypt'>
2026-03-06 03:10:59,616 - app - INFO - Initializing Database
2026-03-06 03:10:59,653 - app - INFO - Modificando columna 'question_text' en `questions`: tipo=TEXT, nullable=True
2026-03-06 03:10:59,704 - app - INFO - Modificando columna 'answer' en `answer_options`: tipo=TEXT, nullable=True
2026-03-06 03:10:59,760 - app - INFO - Modificando columna 'is_correct' en `answer_options`: tipo=BOOL, nullable=True
2026-03-06 03:10:59,804 - app - INFO - Modificando columna 'answers' en `user_responses`: tipo=TEXT, nullable=True
2026-03-06 03:10:59,850 - app - INFO - Modificando columna 'payload' en `system_logs`: tipo=TEXT, nullable=True
2026-03-06 03:10:59,893 - app - INFO - Modificando columna 'response' en `system_logs`: tipo=TEXT, nullable=True
2026-03-06 03:10:59,936 - app - INFO - Modificando columna 'user_agent' en `system_logs`: tipo=TEXT, nullable=True
2026-03-06 03:10:59,972 - app - INFO - Checking for seed data...
2026-03-06 03:10:59,984 - app - INFO - Database Initialized
2026-03-06 03:12:20,944 - app - INFO - Key: sesamo, URI: mysql+pymysql://root:johansSwq21321*@127.0.0.1:3307/sesamo
2026-03-06 03:14:05,219 - passlib.utils.compat - DEBUG - loaded lazy attr 'SafeConfigParser': <class 'configparser.ConfigParser'>
2026-03-06 03:14:05,219 - passlib.utils.compat - DEBUG - loaded lazy attr 'NativeStringIO': <class '_io.StringIO'>
2026-03-06 03:14:05,219 - passlib.utils.compat - DEBUG - loaded lazy attr 'BytesIO': <class '_io.BytesIO'>
2026-03-06 03:14:05,221 - passlib.registry - DEBUG - registered 'bcrypt' handler: <class 'passlib.handlers.bcrypt.bcrypt'>
2026-03-06 03:14:05,279 - app - INFO - Initializing Database
2026-03-06 03:14:05,341 - app - INFO - Modificando columna 'question_text' en `questions`: tipo=TEXT, nullable=True
2026-03-06 03:14:05,391 - app - INFO - Modificando columna 'answer' en `answer_options`: tipo=TEXT, nullable=True
2026-03-06 03:14:05,433 - app - INFO - Modificando columna 'is_correct' en `answer_options`: tipo=BOOL, nullable=True
2026-03-06 03:14:05,473 - app - INFO - Modificando columna 'answers' en `user_responses`: tipo=TEXT, nullable=True
2026-03-06 03:14:05,514 - app - INFO - Modificando columna 'payload' en `system_logs`: tipo=TEXT, nullable=True
2026-03-06 03:14:05,567 - app - INFO - Modificando columna 'response' en `system_logs`: tipo=TEXT, nullable=True
2026-03-06 03:14:05,624 - app - INFO - Modificando columna 'user_agent' en `system_logs`: tipo=TEXT, nullable=True
2026-03-06 03:14:05,675 - app - INFO - Checking for seed data...
2026-03-06 03:14:05,700 - app - INFO - Database Initialized
2026-03-06 03:14:09,010 - passlib.utils.compat - DEBUG - loaded lazy attr 'SafeConfigParser': <class 'configparser.ConfigParser'>
2026-03-06 03:14:09,010 - passlib.utils.compat - DEBUG - loaded lazy attr 'NativeStringIO': <class '_io.StringIO'>
2026-03-06 03:14:09,011 - passlib.utils.compat - DEBUG - loaded lazy attr 'BytesIO': <class '_io.BytesIO'>
2026-03-06 03:14:09,011 - passlib.registry - DEBUG - registered 'bcrypt' handler: <class 'passlib.handlers.bcrypt.bcrypt'>
2026-03-06 03:14:09,060 - app - INFO - Initializing Database
2026-03-06 03:14:09,100 - app - INFO - Modificando columna 'question_text' en `questions`: tipo=TEXT, nullable=True
2026-03-06 03:14:09,150 - app - INFO - Modificando columna 'answer' en `answer_options`: tipo=TEXT, nullable=True
2026-03-06 03:14:09,188 - app - INFO - Modificando columna 'is_correct' en `answer_options`: tipo=BOOL, nullable=True
2026-03-06 03:14:09,225 - app - INFO - Modificando columna 'answers' en `user_responses`: tipo=TEXT, nullable=True
2026-03-06 03:14:09,267 - app - INFO - Modificando columna 'payload' en `system_logs`: tipo=TEXT, nullable=True
2026-03-06 03:14:09,307 - app - INFO - Modificando columna 'response' en `system_logs`: tipo=TEXT, nullable=True
2026-03-06 03:14:09,355 - app - INFO - Modificando columna 'user_agent' en `system_logs`: tipo=TEXT, nullable=True
2026-03-06 03:14:09,396 - app - INFO - Checking for seed data...
2026-03-06 03:14:09,412 - app - INFO - Database Initialized
2026-03-06 03:14:13,206 - passlib.utils.compat - DEBUG - loaded lazy attr 'SafeConfigParser': <class 'configparser.ConfigParser'>
2026-03-06 03:14:13,206 - passlib.utils.compat - DEBUG - loaded lazy attr 'NativeStringIO': <class '_io.StringIO'>
2026-03-06 03:14:13,206 - passlib.utils.compat - DEBUG - loaded lazy attr 'BytesIO': <class '_io.BytesIO'>
2026-03-06 03:14:13,207 - passlib.registry - DEBUG - registered 'bcrypt' handler: <class 'passlib.handlers.bcrypt.bcrypt'>
2026-03-06 03:14:13,258 - app - INFO - Initializing Database
2026-03-06 03:14:13,301 - app - INFO - Modificando columna 'question_text' en `questions`: tipo=TEXT, nullable=True
2026-03-06 03:14:13,350 - app - INFO - Modificando columna 'answer' en `answer_options`: tipo=TEXT, nullable=True
2026-03-06 03:14:13,402 - app - INFO - Modificando columna 'is_correct' en `answer_options`: tipo=BOOL, nullable=True
2026-03-06 03:14:13,440 - app - INFO - Modificando columna 'answers' en `user_responses`: tipo=TEXT, nullable=True
2026-03-06 03:14:13,479 - app - INFO - Modificando columna 'payload' en `system_logs`: tipo=TEXT, nullable=True
2026-03-06 03:14:13,522 - app - INFO - Modificando columna 'response' en `system_logs`: tipo=TEXT, nullable=True
2026-03-06 03:14:13,564 - app - INFO - Modificando columna 'user_agent' en `system_logs`: tipo=TEXT, nullable=True
2026-03-06 03:14:13,604 - app - INFO - Checking for seed data...
2026-03-06 03:14:13,618 - app - INFO - Database Initialized
2026-03-06 03:14:13,624 - app - INFO - Key: sesamo, URI: mysql+pymysql://root:johansSwq21321*@127.0.0.1:3307/sesamo
2026-03-06 03:15:12,516 - passlib.utils.compat - DEBUG - loaded lazy attr 'SafeConfigParser': <class 'configparser.ConfigParser'>
2026-03-06 03:15:12,516 - passlib.utils.compat - DEBUG - loaded lazy attr 'NativeStringIO': <class '_io.StringIO'>
2026-03-06 03:15:12,517 - passlib.utils.compat - DEBUG - loaded lazy attr 'BytesIO': <class '_io.BytesIO'>
2026-03-06 03:15:12,518 - passlib.registry - DEBUG - registered 'bcrypt' handler: <class 'passlib.handlers.bcrypt.bcrypt'>
2026-03-06 03:15:12,577 - app - INFO - Initializing Database
2026-03-06 03:15:12,637 - app - INFO - Modificando columna 'question_text' en `questions`: tipo=TEXT, nullable=True
2026-03-06 03:15:12,677 - app - INFO - Modificando columna 'answer' en `answer_options`: tipo=TEXT, nullable=True
2026-03-06 03:15:12,718 - app - INFO - Modificando columna 'is_correct' en `answer_options`: tipo=BOOL, nullable=True
2026-03-06 03:15:12,764 - app - INFO - Modificando columna 'answers' en `user_responses`: tipo=TEXT, nullable=True
2026-03-06 03:15:12,809 - app - INFO - Modificando columna 'payload' en `system_logs`: tipo=TEXT, nullable=True
2026-03-06 03:15:12,853 - app - INFO - Modificando columna 'response' en `system_logs`: tipo=TEXT, nullable=True
2026-03-06 03:15:12,899 - app - INFO - Modificando columna 'user_agent' en `system_logs`: tipo=TEXT, nullable=True
2026-03-06 03:15:12,950 - app - INFO - Checking for seed data...
2026-03-06 03:15:12,973 - app - INFO - Database Initialized
2026-03-06 03:15:15,030 - passlib.utils.compat - DEBUG - loaded lazy attr 'SafeConfigParser': <class 'configparser.ConfigParser'>
2026-03-06 03:15:15,030 - passlib.utils.compat - DEBUG - loaded lazy attr 'NativeStringIO': <class '_io.StringIO'>
2026-03-06 03:15:15,030 - passlib.utils.compat - DEBUG - loaded lazy attr 'BytesIO': <class '_io.BytesIO'>
2026-03-06 03:15:15,031 - passlib.registry - DEBUG - registered 'bcrypt' handler: <class 'passlib.handlers.bcrypt.bcrypt'>
2026-03-06 03:15:15,082 - app - INFO - Initializing Database
2026-03-06 03:15:15,121 - app - INFO - Modificando columna 'question_text' en `questions`: tipo=TEXT, nullable=True
2026-03-06 03:15:15,172 - app - INFO - Modificando columna 'answer' en `answer_options`: tipo=TEXT, nullable=True
2026-03-06 03:15:15,210 - app - INFO - Modificando columna 'is_correct' en `answer_options`: tipo=BOOL, nullable=True
2026-03-06 03:15:15,260 - app - INFO - Modificando columna 'answers' en `user_responses`: tipo=TEXT, nullable=True
2026-03-06 03:15:15,298 - app - INFO - Modificando columna 'payload' en `system_logs`: tipo=TEXT, nullable=True
2026-03-06 03:15:15,340 - app - INFO - Modificando columna 'response' en `system_logs`: tipo=TEXT, nullable=True
2026-03-06 03:15:15,377 - app - INFO - Modificando columna 'user_agent' en `system_logs`: tipo=TEXT, nullable=True
2026-03-06 03:15:15,414 - app - INFO - Checking for seed data...
2026-03-06 03:15:15,426 - app - INFO - Database Initialized
2026-03-06 03:15:18,289 - passlib.utils.compat - DEBUG - loaded lazy attr 'SafeConfigParser': <class 'configparser.ConfigParser'>
2026-03-06 03:15:18,289 - passlib.utils.compat - DEBUG - loaded lazy attr 'NativeStringIO': <class '_io.StringIO'>
2026-03-06 03:15:18,289 - passlib.utils.compat - DEBUG - loaded lazy attr 'BytesIO': <class '_io.BytesIO'>
2026-03-06 03:15:18,290 - passlib.registry - DEBUG - registered 'bcrypt' handler: <class 'passlib.handlers.bcrypt.bcrypt'>
2026-03-06 03:15:18,337 - app - INFO - Initializing Database
2026-03-06 03:15:18,372 - app - INFO - Modificando columna 'question_text' en `questions`: tipo=TEXT, nullable=True
2026-03-06 03:15:18,413 - app - INFO - Modificando columna 'answer' en `answer_options`: tipo=TEXT, nullable=True
2026-03-06 03:15:18,457 - app - INFO - Modificando columna 'is_correct' en `answer_options`: tipo=BOOL, nullable=True
2026-03-06 03:15:18,500 - app - INFO - Modificando columna 'answers' en `user_responses`: tipo=TEXT, nullable=True
2026-03-06 03:15:18,552 - app - INFO - Modificando columna 'payload' en `system_logs`: tipo=TEXT, nullable=True
2026-03-06 03:15:18,592 - app - INFO - Modificando columna 'response' en `system_logs`: tipo=TEXT, nullable=True
2026-03-06 03:15:18,630 - app - INFO - Modificando columna 'user_agent' en `system_logs`: tipo=TEXT, nullable=True
2026-03-06 03:15:18,689 - app - INFO - Checking for seed data...
2026-03-06 03:15:18,702 - app - INFO - Database Initialized
2026-03-06 03:15:19,642 - passlib.utils.compat - DEBUG - loaded lazy attr 'SafeConfigParser': <class 'configparser.ConfigParser'>
2026-03-06 03:15:19,642 - passlib.utils.compat - DEBUG - loaded lazy attr 'NativeStringIO': <class '_io.StringIO'>
2026-03-06 03:15:19,642 - passlib.utils.compat - DEBUG - loaded lazy attr 'BytesIO': <class '_io.BytesIO'>
2026-03-06 03:15:19,643 - passlib.registry - DEBUG - registered 'bcrypt' handler: <class 'passlib.handlers.bcrypt.bcrypt'>
2026-03-06 03:15:19,690 - app - INFO - Initializing Database
2026-03-06 03:15:19,728 - app - INFO - Modificando columna 'question_text' en `questions`: tipo=TEXT, nullable=True
2026-03-06 03:15:19,772 - app - INFO - Modificando columna 'answer' en `answer_options`: tipo=TEXT, nullable=True
2026-03-06 03:15:19,814 - app - INFO - Modificando columna 'is_correct' en `answer_options`: tipo=BOOL, nullable=True
2026-03-06 03:15:19,858 - app - INFO - Modificando columna 'answers' en `user_responses`: tipo=TEXT, nullable=True
2026-03-06 03:15:19,901 - app - INFO - Modificando columna 'payload' en `system_logs`: tipo=TEXT, nullable=True
2026-03-06 03:15:19,953 - app - INFO - Modificando columna 'response' en `system_logs`: tipo=TEXT, nullable=True
2026-03-06 03:15:20,003 - app - INFO - Modificando columna 'user_agent' en `system_logs`: tipo=TEXT, nullable=True
2026-03-06 03:15:20,072 - app - INFO - Checking for seed data...
2026-03-06 03:15:20,090 - app - INFO - Database Initialized
2026-03-06 03:15:22,225 - passlib.utils.compat - DEBUG - loaded lazy attr 'SafeConfigParser': <class 'configparser.ConfigParser'>
2026-03-06 03:15:22,225 - passlib.utils.compat - DEBUG - loaded lazy attr 'NativeStringIO': <class '_io.StringIO'>
2026-03-06 03:15:22,225 - passlib.utils.compat - DEBUG - loaded lazy attr 'BytesIO': <class '_io.BytesIO'>
2026-03-06 03:15:22,226 - passlib.registry - DEBUG - registered 'bcrypt' handler: <class 'passlib.handlers.bcrypt.bcrypt'>
2026-03-06 03:15:22,273 - app - INFO - Initializing Database
2026-03-06 03:15:22,330 - app - INFO - Modificando columna 'question_text' en `questions`: tipo=TEXT, nullable=True
2026-03-06 03:15:22,368 - app - INFO - Modificando columna 'answer' en `answer_options`: tipo=TEXT, nullable=True
2026-03-06 03:15:22,401 - app - INFO - Modificando columna 'is_correct' en `answer_options`: tipo=BOOL, nullable=True
2026-03-06 03:15:22,445 - app - INFO - Modificando columna 'answers' en `user_responses`: tipo=TEXT, nullable=True
2026-03-06 03:15:22,491 - app - INFO - Modificando columna 'payload' en `system_logs`: tipo=TEXT, nullable=True
2026-03-06 03:15:22,531 - app - INFO - Modificando columna 'response' en `system_logs`: tipo=TEXT, nullable=True
2026-03-06 03:15:22,583 - app - INFO - Modificando columna 'user_agent' en `system_logs`: tipo=TEXT, nullable=True
2026-03-06 03:15:22,621 - app - INFO - Checking for seed data...
2026-03-06 03:15:22,636 - app - INFO - Database Initialized
2026-03-06 03:15:23,175 - app - INFO - Key: sesamo, URI: mysql+pymysql://root:johansSwq21321*@127.0.0.1:3307/sesamo
2026-03-06 03:15:25,397 - passlib.utils.compat - DEBUG - loaded lazy attr 'SafeConfigParser': <class 'configparser.ConfigParser'>
2026-03-06 03:15:25,397 - passlib.utils.compat - DEBUG - loaded lazy attr 'NativeStringIO': <class '_io.StringIO'>
2026-03-06 03:15:25,397 - passlib.utils.compat - DEBUG - loaded lazy attr 'BytesIO': <class '_io.BytesIO'>
2026-03-06 03:15:25,398 - passlib.registry - DEBUG - registered 'bcrypt' handler: <class 'passlib.handlers.bcrypt.bcrypt'>
2026-03-06 03:15:25,446 - app - INFO - Initializing Database
2026-03-06 03:15:25,486 - app - INFO - Modificando columna 'question_text' en `questions`: tipo=TEXT, nullable=True
2026-03-06 03:15:25,532 - app - INFO - Modificando columna 'answer' en `answer_options`: tipo=TEXT, nullable=True
2026-03-06 03:15:25,576 - app - INFO - Modificando columna 'is_correct' en `answer_options`: tipo=BOOL, nullable=True
2026-03-06 03:15:25,627 - app - INFO - Modificando columna 'answers' en `user_responses`: tipo=TEXT, nullable=True
2026-03-06 03:15:25,674 - app - INFO - Modificando columna 'payload' en `system_logs`: tipo=TEXT, nullable=True
2026-03-06 03:15:25,724 - app - INFO - Modificando columna 'response' en `system_logs`: tipo=TEXT, nullable=True
2026-03-06 03:15:25,759 - app - INFO - Modificando columna 'user_agent' en `system_logs`: tipo=TEXT, nullable=True
2026-03-06 03:15:25,811 - app - INFO - Checking for seed data...
2026-03-06 03:15:25,832 - app - INFO - Database Initialized
2026-03-06 03:15:26,783 - passlib.utils.compat - DEBUG - loaded lazy attr 'SafeConfigParser': <class 'configparser.ConfigParser'>
2026-03-06 03:15:26,783 - passlib.utils.compat - DEBUG - loaded lazy attr 'NativeStringIO': <class '_io.StringIO'>
2026-03-06 03:15:26,784 - passlib.utils.compat - DEBUG - loaded lazy attr 'BytesIO': <class '_io.BytesIO'>
2026-03-06 03:15:26,784 - passlib.registry - DEBUG - registered 'bcrypt' handler: <class 'passlib.handlers.bcrypt.bcrypt'>
2026-03-06 03:15:26,832 - app - INFO - Initializing Database
2026-03-06 03:15:26,866 - app - INFO - Modificando columna 'question_text' en `questions`: tipo=TEXT, nullable=True
2026-03-06 03:15:26,911 - app - INFO - Modificando columna 'answer' en `answer_options`: tipo=TEXT, nullable=True
2026-03-06 03:15:26,982 - app - INFO - Modificando columna 'is_correct' en `answer_options`: tipo=BOOL, nullable=True
2026-03-06 03:15:27,039 - app - INFO - Modificando columna 'answers' en `user_responses`: tipo=TEXT, nullable=True
2026-03-06 03:15:27,099 - app - INFO - Modificando columna 'payload' en `system_logs`: tipo=TEXT, nullable=True
2026-03-06 03:15:27,134 - app - INFO - Modificando columna 'response' en `system_logs`: tipo=TEXT, nullable=True
2026-03-06 03:15:27,180 - app - INFO - Modificando columna 'user_agent' en `system_logs`: tipo=TEXT, nullable=True
2026-03-06 03:15:27,225 - app - INFO - Checking for seed data...
2026-03-06 03:15:27,247 - app - INFO - Database Initialized
2026-03-06 03:15:29,409 - passlib.utils.compat - DEBUG - loaded lazy attr 'SafeConfigParser': <class 'configparser.ConfigParser'>
2026-03-06 03:15:29,409 - passlib.utils.compat - DEBUG - loaded lazy attr 'NativeStringIO': <class '_io.StringIO'>
2026-03-06 03:15:29,409 - passlib.utils.compat - DEBUG - loaded lazy attr 'BytesIO': <class '_io.BytesIO'>
2026-03-06 03:15:29,410 - passlib.registry - DEBUG - registered 'bcrypt' handler: <class 'passlib.handlers.bcrypt.bcrypt'>
2026-03-06 03:15:29,459 - app - INFO - Initializing Database
2026-03-06 03:15:29,495 - app - INFO - Modificando columna 'question_text' en `questions`: tipo=TEXT, nullable=True
2026-03-06 03:15:29,537 - app - INFO - Modificando columna 'answer' en `answer_options`: tipo=TEXT, nullable=True
2026-03-06 03:15:29,572 - app - INFO - Modificando columna 'is_correct' en `answer_options`: tipo=BOOL, nullable=True
2026-03-06 03:15:29,631 - app - INFO - Modificando columna 'answers' en `user_responses`: tipo=TEXT, nullable=True
2026-03-06 03:15:29,670 - app - INFO - Modificando columna 'payload' en `system_logs`: tipo=TEXT, nullable=True
2026-03-06 03:15:29,722 - app - INFO - Modificando columna 'response' en `system_logs`: tipo=TEXT, nullable=True
2026-03-06 03:15:29,760 - app - INFO - Modificando columna 'user_agent' en `system_logs`: tipo=TEXT, nullable=True
2026-03-06 03:15:29,799 - app - INFO - Checking for seed data...
2026-03-06 03:15:29,813 - app - INFO - Database Initialized
2026-03-06 03:15:31,401 - app - INFO - Key: sesamo, URI: mysql+pymysql://root:johansSwq21321*@127.0.0.1:3307/sesamo
2026-03-06 03:15:32,577 - passlib.utils.compat - DEBUG - loaded lazy attr 'SafeConfigParser': <class 'configparser.ConfigParser'>
2026-03-06 03:15:32,577 - passlib.utils.compat - DEBUG - loaded lazy attr 'NativeStringIO': <class '_io.StringIO'>
2026-03-06 03:15:32,577 - passlib.utils.compat - DEBUG - loaded lazy attr 'BytesIO': <class '_io.BytesIO'>
2026-03-06 03:15:32,578 - passlib.registry - DEBUG - registered 'bcrypt' handler: <class 'passlib.handlers.bcrypt.bcrypt'>
2026-03-06 03:15:32,625 - app - INFO - Initializing Database
2026-03-06 03:15:32,667 - app - INFO - Modificando columna 'question_text' en `questions`: tipo=TEXT, nullable=True
2026-03-06 03:15:32,712 - app - INFO - Modificando columna 'answer' en `answer_options`: tipo=TEXT, nullable=True
2026-03-06 03:15:32,763 - app - INFO - Modificando columna 'is_correct' en `answer_options`: tipo=BOOL, nullable=True
2026-03-06 03:15:32,801 - app - INFO - Modificando columna 'answers' en `user_responses`: tipo=TEXT, nullable=True
2026-03-06 03:15:32,851 - app - INFO - Modificando columna 'payload' en `system_logs`: tipo=TEXT, nullable=True
2026-03-06 03:15:32,894 - app - INFO - Modificando columna 'response' en `system_logs`: tipo=TEXT, nullable=True
2026-03-06 03:15:32,937 - app - INFO - Modificando columna 'user_agent' en `system_logs`: tipo=TEXT, nullable=True
2026-03-06 03:15:32,981 - app - INFO - Checking for seed data...
2026-03-06 03:15:32,995 - app - INFO - Database Initialized
2026-03-06 03:15:33,934 - passlib.utils.compat - DEBUG - loaded lazy attr 'SafeConfigParser': <class 'configparser.ConfigParser'>
2026-03-06 03:15:33,934 - passlib.utils.compat - DEBUG - loaded lazy attr 'NativeStringIO': <class '_io.StringIO'>
2026-03-06 03:15:33,934 - passlib.utils.compat - DEBUG - loaded lazy attr 'BytesIO': <class '_io.BytesIO'>
2026-03-06 03:15:33,935 - passlib.registry - DEBUG - registered 'bcrypt' handler: <class 'passlib.handlers.bcrypt.bcrypt'>
2026-03-06 03:15:33,985 - app - INFO - Initializing Database
2026-03-06 03:15:34,026 - app - INFO - Modificando columna 'question_text' en `questions`: tipo=TEXT, nullable=True
2026-03-06 03:15:34,070 - app - INFO - Modificando columna 'answer' en `answer_options`: tipo=TEXT, nullable=True
2026-03-06 03:15:34,129 - app - INFO - Modificando columna 'is_correct' en `answer_options`: tipo=BOOL, nullable=True
2026-03-06 03:15:34,165 - app - INFO - Modificando columna 'answers' en `user_responses`: tipo=TEXT, nullable=True
2026-03-06 03:15:34,205 - app - INFO - Modificando columna 'payload' en `system_logs`: tipo=TEXT, nullable=True
2026-03-06 03:15:34,238 - app - INFO - Modificando columna 'response' en `system_logs`: tipo=TEXT, nullable=True
2026-03-06 03:15:34,284 - app - INFO - Modificando columna 'user_agent' en `system_logs`: tipo=TEXT, nullable=True
2026-03-06 03:15:34,325 - app - INFO - Checking for seed data...
2026-03-06 03:15:34,340 - app - INFO - Database Initialized
2026-03-06 03:15:34,681 - app - INFO - Key: sesamo, URI: mysql+pymysql://root:johansSwq21321*@127.0.0.1:3307/sesamo
2026-03-06 03:15:37,214 - passlib.utils.compat - DEBUG - loaded lazy attr 'SafeConfigParser': <class 'configparser.ConfigParser'>
2026-03-06 03:15:37,214 - passlib.utils.compat - DEBUG - loaded lazy attr 'NativeStringIO': <class '_io.StringIO'>
2026-03-06 03:15:37,214 - passlib.utils.compat - DEBUG - loaded lazy attr 'BytesIO': <class '_io.BytesIO'>
2026-03-06 03:15:37,215 - passlib.registry - DEBUG - registered 'bcrypt' handler: <class 'passlib.handlers.bcrypt.bcrypt'>
2026-03-06 03:15:37,264 - app - INFO - Initializing Database
2026-03-06 03:15:37,302 - app - INFO - Modificando columna 'question_text' en `questions`: tipo=TEXT, nullable=True
2026-03-06 03:15:37,350 - app - INFO - Modificando columna 'answer' en `answer_options`: tipo=TEXT, nullable=True
2026-03-06 03:15:37,397 - app - INFO - Modificando columna 'is_correct' en `answer_options`: tipo=BOOL, nullable=True
2026-03-06 03:15:37,433 - app - INFO - Modificando columna 'answers' en `user_responses`: tipo=TEXT, nullable=True
2026-03-06 03:15:37,473 - app - INFO - Modificando columna 'payload' en `system_logs`: tipo=TEXT, nullable=True
2026-03-06 03:15:37,520 - app - INFO - Modificando columna 'response' en `system_logs`: tipo=TEXT, nullable=True
2026-03-06 03:15:37,559 - app - INFO - Modificando columna 'user_agent' en `system_logs`: tipo=TEXT, nullable=True
2026-03-06 03:15:37,608 - app - INFO - Checking for seed data...
2026-03-06 03:15:37,623 - app - INFO - Database Initialized
2026-03-06 03:15:40,392 - passlib.utils.compat - DEBUG - loaded lazy attr 'SafeConfigParser': <class 'configparser.ConfigParser'>
2026-03-06 03:15:40,393 - passlib.utils.compat - DEBUG - loaded lazy attr 'NativeStringIO': <class '_io.StringIO'>
2026-03-06 03:15:40,393 - passlib.utils.compat - DEBUG - loaded lazy attr 'BytesIO': <class '_io.BytesIO'>
2026-03-06 03:15:40,394 - passlib.registry - DEBUG - registered 'bcrypt' handler: <class 'passlib.handlers.bcrypt.bcrypt'>
2026-03-06 03:15:40,444 - app - INFO - Initializing Database
2026-03-06 03:15:40,489 - app - INFO - Modificando columna 'question_text' en `questions`: tipo=TEXT, nullable=True
2026-03-06 03:15:40,529 - app - INFO - Modificando columna 'answer' en `answer_options`: tipo=TEXT, nullable=True
2026-03-06 03:15:40,582 - app - INFO - Modificando columna 'is_correct' en `answer_options`: tipo=BOOL, nullable=True
2026-03-06 03:15:40,631 - app - INFO - Modificando columna 'answers' en `user_responses`: tipo=TEXT, nullable=True
2026-03-06 03:15:40,682 - app - INFO - Modificando columna 'payload' en `system_logs`: tipo=TEXT, nullable=True
2026-03-06 03:15:40,771 - app - INFO - Modificando columna 'response' en `system_logs`: tipo=TEXT, nullable=True
2026-03-06 03:15:40,808 - app - INFO - Modificando columna 'user_agent' en `system_logs`: tipo=TEXT, nullable=True
2026-03-06 03:15:40,855 - app - INFO - Checking for seed data...
2026-03-06 03:15:40,881 - app - INFO - Database Initialized
2026-03-06 03:15:41,740 - passlib.utils.compat - DEBUG - loaded lazy attr 'SafeConfigParser': <class 'configparser.ConfigParser'>
2026-03-06 03:15:41,740 - passlib.utils.compat - DEBUG - loaded lazy attr 'NativeStringIO': <class '_io.StringIO'>
2026-03-06 03:15:41,740 - passlib.utils.compat - DEBUG - loaded lazy attr 'BytesIO': <class '_io.BytesIO'>
2026-03-06 03:15:41,741 - passlib.registry - DEBUG - registered 'bcrypt' handler: <class 'passlib.handlers.bcrypt.bcrypt'>
2026-03-06 03:15:41,797 - app - INFO - Initializing Database
2026-03-06 03:15:41,835 - app - INFO - Modificando columna 'question_text' en `questions`: tipo=TEXT, nullable=True
2026-03-06 03:15:41,882 - app - INFO - Modificando columna 'answer' en `answer_options`: tipo=TEXT, nullable=True
2026-03-06 03:15:41,951 - app - INFO - Modificando columna 'is_correct' en `answer_options`: tipo=BOOL, nullable=True
2026-03-06 03:15:41,990 - app - INFO - Modificando columna 'answers' en `user_responses`: tipo=TEXT, nullable=True
2026-03-06 03:15:42,027 - app - INFO - Modificando columna 'payload' en `system_logs`: tipo=TEXT, nullable=True
2026-03-06 03:15:42,097 - app - INFO - Modificando columna 'response' en `system_logs`: tipo=TEXT, nullable=True
2026-03-06 03:15:42,145 - app - INFO - Modificando columna 'user_agent' en `system_logs`: tipo=TEXT, nullable=True
2026-03-06 03:15:42,185 - app - INFO - Checking for seed data...
2026-03-06 03:15:42,212 - app - INFO - Database Initialized
2026-03-06 03:15:45,186 - passlib.utils.compat - DEBUG - loaded lazy attr 'SafeConfigParser': <class 'configparser.ConfigParser'>
2026-03-06 03:15:45,186 - passlib.utils.compat - DEBUG - loaded lazy attr 'NativeStringIO': <class '_io.StringIO'>
2026-03-06 03:15:45,186 - passlib.utils.compat - DEBUG - loaded lazy attr 'BytesIO': <class '_io.BytesIO'>
2026-03-06 03:15:45,187 - passlib.registry - DEBUG - registered 'bcrypt' handler: <class 'passlib.handlers.bcrypt.bcrypt'>
2026-03-06 03:15:45,237 - app - INFO - Initializing Database
2026-03-06 03:15:45,280 - app - INFO - Modificando columna 'question_text' en `questions`: tipo=TEXT, nullable=True
2026-03-06 03:15:45,320 - app - INFO - Modificando columna 'answer' en `answer_options`: tipo=TEXT, nullable=True
2026-03-06 03:15:45,366 - app - INFO - Modificando columna 'is_correct' en `answer_options`: tipo=BOOL, nullable=True
2026-03-06 03:15:45,407 - app - INFO - Modificando columna 'answers' en `user_responses`: tipo=TEXT, nullable=True
2026-03-06 03:15:45,442 - app - INFO - Modificando columna 'payload' en `system_logs`: tipo=TEXT, nullable=True
2026-03-06 03:15:45,483 - app - INFO - Modificando columna 'response' en `system_logs`: tipo=TEXT, nullable=True
2026-03-06 03:15:45,524 - app - INFO - Modificando columna 'user_agent' en `system_logs`: tipo=TEXT, nullable=True
2026-03-06 03:15:45,558 - app - INFO - Checking for seed data...
2026-03-06 03:15:45,573 - app - INFO - Database Initialized
2026-03-06 03:15:48,733 - passlib.utils.compat - DEBUG - loaded lazy attr 'SafeConfigParser': <class 'configparser.ConfigParser'>
2026-03-06 03:15:48,733 - passlib.utils.compat - DEBUG - loaded lazy attr 'NativeStringIO': <class '_io.StringIO'>
2026-03-06 03:15:48,733 - passlib.utils.compat - DEBUG - loaded lazy attr 'BytesIO': <class '_io.BytesIO'>
2026-03-06 03:15:48,734 - passlib.registry - DEBUG - registered 'bcrypt' handler: <class 'passlib.handlers.bcrypt.bcrypt'>
2026-03-06 03:15:48,781 - app - INFO - Initializing Database
2026-03-06 03:15:48,821 - app - INFO - Modificando columna 'question_text' en `questions`: tipo=TEXT, nullable=True
2026-03-06 03:15:48,867 - app - INFO - Modificando columna 'answer' en `answer_options`: tipo=TEXT, nullable=True
2026-03-06 03:15:48,903 - app - INFO - Modificando columna 'is_correct' en `answer_options`: tipo=BOOL, nullable=True
2026-03-06 03:15:48,953 - app - INFO - Modificando columna 'answers' en `user_responses`: tipo=TEXT, nullable=True
2026-03-06 03:15:49,102 - app - INFO - Modificando columna 'payload' en `system_logs`: tipo=TEXT, nullable=True
2026-03-06 03:15:49,172 - app - INFO - Modificando columna 'response' en `system_logs`: tipo=TEXT, nullable=True
2026-03-06 03:15:49,244 - app - INFO - Modificando columna 'user_agent' en `system_logs`: tipo=TEXT, nullable=True
2026-03-06 03:15:49,285 - app - INFO - Checking for seed data...
2026-03-06 03:15:49,306 - app - INFO - Database Initialized
2026-03-06 03:15:50,656 - passlib.utils.compat - DEBUG - loaded lazy attr 'SafeConfigParser': <class 'configparser.ConfigParser'>
2026-03-06 03:15:50,656 - passlib.utils.compat - DEBUG - loaded lazy attr 'NativeStringIO': <class '_io.StringIO'>
2026-03-06 03:15:50,656 - passlib.utils.compat - DEBUG - loaded lazy attr 'BytesIO': <class '_io.BytesIO'>
2026-03-06 03:15:50,657 - passlib.registry - DEBUG - registered 'bcrypt' handler: <class 'passlib.handlers.bcrypt.bcrypt'>
2026-03-06 03:15:50,704 - app - INFO - Initializing Database
2026-03-06 03:15:50,739 - app - INFO - Modificando columna 'question_text' en `questions`: tipo=TEXT, nullable=True
2026-03-06 03:15:50,781 - app - INFO - Modificando columna 'answer' en `answer_options`: tipo=TEXT, nullable=True
2026-03-06 03:15:50,819 - app - INFO - Modificando columna 'is_correct' en `answer_options`: tipo=BOOL, nullable=True
2026-03-06 03:15:50,867 - app - INFO - Modificando columna 'answers' en `user_responses`: tipo=TEXT, nullable=True
2026-03-06 03:15:50,920 - app - INFO - Modificando columna 'payload' en `system_logs`: tipo=TEXT, nullable=True
2026-03-06 03:15:50,973 - app - INFO - Modificando columna 'response' en `system_logs`: tipo=TEXT, nullable=True
2026-03-06 03:15:51,014 - app - INFO - Modificando columna 'user_agent' en `system_logs`: tipo=TEXT, nullable=True
2026-03-06 03:15:51,048 - app - INFO - Checking for seed data...
2026-03-06 03:15:51,062 - app - INFO - Database Initialized
2026-03-06 03:15:53,823 - passlib.utils.compat - DEBUG - loaded lazy attr 'SafeConfigParser': <class 'configparser.ConfigParser'>
2026-03-06 03:15:53,823 - passlib.utils.compat - DEBUG - loaded lazy attr 'NativeStringIO': <class '_io.StringIO'>
2026-03-06 03:15:53,823 - passlib.utils.compat - DEBUG - loaded lazy attr 'BytesIO': <class '_io.BytesIO'>
2026-03-06 03:15:53,824 - passlib.registry - DEBUG - registered 'bcrypt' handler: <class 'passlib.handlers.bcrypt.bcrypt'>
2026-03-06 03:15:53,871 - app - INFO - Initializing Database
2026-03-06 03:15:53,907 - app - INFO - Modificando columna 'question_text' en `questions`: tipo=TEXT, nullable=True
2026-03-06 03:15:53,955 - app - INFO - Modificando columna 'answer' en `answer_options`: tipo=TEXT, nullable=True
2026-03-06 03:15:53,991 - app - INFO - Modificando columna 'is_correct' en `answer_options`: tipo=BOOL, nullable=True
2026-03-06 03:15:54,041 - app - INFO - Modificando columna 'answers' en `user_responses`: tipo=TEXT, nullable=True
2026-03-06 03:15:54,174 - app - INFO - Modificando columna 'payload' en `system_logs`: tipo=TEXT, nullable=True
2026-03-06 03:15:54,212 - app - INFO - Modificando columna 'response' en `system_logs`: tipo=TEXT, nullable=True
2026-03-06 03:15:54,253 - app - INFO - Modificando columna 'user_agent' en `system_logs`: tipo=TEXT, nullable=True
2026-03-06 03:15:54,299 - app - INFO - Checking for seed data...
2026-03-06 03:15:54,324 - app - INFO - Database Initialized
2026-03-06 03:15:57,689 - passlib.utils.compat - DEBUG - loaded lazy attr 'SafeConfigParser': <class 'configparser.ConfigParser'>
2026-03-06 03:15:57,689 - passlib.utils.compat - DEBUG - loaded lazy attr 'NativeStringIO': <class '_io.StringIO'>
2026-03-06 03:15:57,689 - passlib.utils.compat - DEBUG - loaded lazy attr 'BytesIO': <class '_io.BytesIO'>
2026-03-06 03:15:57,690 - passlib.registry - DEBUG - registered 'bcrypt' handler: <class 'passlib.handlers.bcrypt.bcrypt'>
2026-03-06 03:15:57,737 - app - INFO - Initializing Database
2026-03-06 03:15:57,779 - app - INFO - Modificando columna 'question_text' en `questions`: tipo=TEXT, nullable=True
2026-03-06 03:15:57,830 - app - INFO - Modificando columna 'answer' en `answer_options`: tipo=TEXT, nullable=True
2026-03-06 03:15:57,884 - app - INFO - Modificando columna 'is_correct' en `answer_options`: tipo=BOOL, nullable=True
2026-03-06 03:15:57,929 - app - INFO - Modificando columna 'answers' en `user_responses`: tipo=TEXT, nullable=True
2026-03-06 03:15:57,974 - app - INFO - Modificando columna 'payload' en `system_logs`: tipo=TEXT, nullable=True
2026-03-06 03:15:58,015 - app - INFO - Modificando columna 'response' en `system_logs`: tipo=TEXT, nullable=True
2026-03-06 03:15:58,055 - app - INFO - Modificando columna 'user_agent' en `system_logs`: tipo=TEXT, nullable=True
2026-03-06 03:15:58,120 - app - INFO - Checking for seed data...
2026-03-06 03:15:58,135 - app - INFO - Database Initialized
2026-03-06 03:15:58,971 - passlib.utils.compat - DEBUG - loaded lazy attr 'SafeConfigParser': <class 'configparser.ConfigParser'>
2026-03-06 03:15:58,971 - passlib.utils.compat - DEBUG - loaded lazy attr 'NativeStringIO': <class '_io.StringIO'>
2026-03-06 03:15:58,972 - passlib.utils.compat - DEBUG - loaded lazy attr 'BytesIO': <class '_io.BytesIO'>
2026-03-06 03:15:58,972 - passlib.registry - DEBUG - registered 'bcrypt' handler: <class 'passlib.handlers.bcrypt.bcrypt'>
2026-03-06 03:15:59,022 - app - INFO - Initializing Database
2026-03-06 03:15:59,058 - app - INFO - Modificando columna 'question_text' en `questions`: tipo=TEXT, nullable=True
2026-03-06 03:15:59,113 - app - INFO - Modificando columna 'answer' en `answer_options`: tipo=TEXT, nullable=True
2026-03-06 03:15:59,168 - app - INFO - Modificando columna 'is_correct' en `answer_options`: tipo=BOOL, nullable=True
2026-03-06 03:15:59,212 - app - INFO - Modificando columna 'answers' en `user_responses`: tipo=TEXT, nullable=True
2026-03-06 03:15:59,250 - app - INFO - Modificando columna 'payload' en `system_logs`: tipo=TEXT, nullable=True
2026-03-06 03:15:59,302 - app - INFO - Modificando columna 'response' en `system_logs`: tipo=TEXT, nullable=True
2026-03-06 03:15:59,341 - app - INFO - Modificando columna 'user_agent' en `system_logs`: tipo=TEXT, nullable=True
2026-03-06 03:15:59,378 - app - INFO - Checking for seed data...
2026-03-06 03:15:59,395 - app - INFO - Database Initialized
2026-03-06 03:16:03,375 - passlib.utils.compat - DEBUG - loaded lazy attr 'SafeConfigParser': <class 'configparser.ConfigParser'>
2026-03-06 03:16:03,375 - passlib.utils.compat - DEBUG - loaded lazy attr 'NativeStringIO': <class '_io.StringIO'>
2026-03-06 03:16:03,375 - passlib.utils.compat - DEBUG - loaded lazy attr 'BytesIO': <class '_io.BytesIO'>
2026-03-06 03:16:03,376 - passlib.registry - DEBUG - registered 'bcrypt' handler: <class 'passlib.handlers.bcrypt.bcrypt'>
2026-03-06 03:16:03,424 - app - INFO - Initializing Database
2026-03-06 03:16:03,461 - app - INFO - Modificando columna 'question_text' en `questions`: tipo=TEXT, nullable=True
2026-03-06 03:16:03,501 - app - INFO - Modificando columna 'answer' en `answer_options`: tipo=TEXT, nullable=True
2026-03-06 03:16:03,544 - app - INFO - Modificando columna 'is_correct' en `answer_options`: tipo=BOOL, nullable=True
2026-03-06 03:16:03,592 - app - INFO - Modificando columna 'answers' en `user_responses`: tipo=TEXT, nullable=True
2026-03-06 03:16:03,634 - app - INFO - Modificando columna 'payload' en `system_logs`: tipo=TEXT, nullable=True
2026-03-06 03:16:03,685 - app - INFO - Modificando columna 'response' en `system_logs`: tipo=TEXT, nullable=True
2026-03-06 03:16:03,728 - app - INFO - Modificando columna 'user_agent' en `system_logs`: tipo=TEXT, nullable=True
2026-03-06 03:16:03,776 - app - INFO - Checking for seed data...
2026-03-06 03:16:03,791 - app - INFO - Database Initialized
2026-03-06 03:16:07,566 - passlib.utils.compat - DEBUG - loaded lazy attr 'SafeConfigParser': <class 'configparser.ConfigParser'>
2026-03-06 03:16:07,566 - passlib.utils.compat - DEBUG - loaded lazy attr 'NativeStringIO': <class '_io.StringIO'>
2026-03-06 03:16:07,566 - passlib.utils.compat - DEBUG - loaded lazy attr 'BytesIO': <class '_io.BytesIO'>
2026-03-06 03:16:07,567 - passlib.registry - DEBUG - registered 'bcrypt' handler: <class 'passlib.handlers.bcrypt.bcrypt'>
2026-03-06 03:16:07,614 - app - INFO - Initializing Database
2026-03-06 03:16:07,659 - app - INFO - Modificando columna 'question_text' en `questions`: tipo=TEXT, nullable=True
2026-03-06 03:16:07,702 - app - INFO - Modificando columna 'answer' en `answer_options`: tipo=TEXT, nullable=True
2026-03-06 03:16:07,738 - app - INFO - Modificando columna 'is_correct' en `answer_options`: tipo=BOOL, nullable=True
2026-03-06 03:16:07,792 - app - INFO - Modificando columna 'answers' en `user_responses`: tipo=TEXT, nullable=True
2026-03-06 03:16:07,835 - app - INFO - Modificando columna 'payload' en `system_logs`: tipo=TEXT, nullable=True
2026-03-06 03:16:07,877 - app - INFO - Modificando columna 'response' en `system_logs`: tipo=TEXT, nullable=True
2026-03-06 03:16:07,919 - app - INFO - Modificando columna 'user_agent' en `system_logs`: tipo=TEXT, nullable=True
2026-03-06 03:16:07,954 - app - INFO - Checking for seed data...
2026-03-06 03:16:07,967 - app - INFO - Database Initialized
2026-03-06 03:17:03,795 - app - INFO - Key: sesamo, URI: mysql+pymysql://root:johansSwq21321*@127.0.0.1:3307/sesamo
2026-03-06 03:19:25,630 - passlib.utils.compat - DEBUG - loaded lazy attr 'SafeConfigParser': <class 'configparser.ConfigParser'>
2026-03-06 03:19:25,630 - passlib.utils.compat - DEBUG - loaded lazy attr 'NativeStringIO': <class '_io.StringIO'>
2026-03-06 03:19:25,630 - passlib.utils.compat - DEBUG - loaded lazy attr 'BytesIO': <class '_io.BytesIO'>
2026-03-06 03:19:25,632 - passlib.registry - DEBUG - registered 'bcrypt' handler: <class 'passlib.handlers.bcrypt.bcrypt'>
2026-03-06 03:19:25,691 - app - INFO - Initializing Database
2026-03-06 03:19:25,748 - app - INFO - Modificando columna 'question_text' en `questions`: tipo=TEXT, nullable=True
2026-03-06 03:19:25,812 - app - INFO - Modificando columna 'answer' en `answer_options`: tipo=TEXT, nullable=True
2026-03-06 03:19:25,866 - app - INFO - Modificando columna 'is_correct' en `answer_options`: tipo=BOOL, nullable=True
2026-03-06 03:19:25,919 - app - INFO - Modificando columna 'answers' en `user_responses`: tipo=TEXT, nullable=True
2026-03-06 03:19:25,960 - app - INFO - Modificando columna 'payload' en `system_logs`: tipo=TEXT, nullable=True
2026-03-06 03:19:26,001 - app - INFO - Modificando columna 'response' en `system_logs`: tipo=TEXT, nullable=True
2026-03-06 03:19:26,041 - app - INFO - Modificando columna 'user_agent' en `system_logs`: tipo=TEXT, nullable=True
2026-03-06 03:19:26,088 - app - INFO - Checking for seed data...
2026-03-06 03:19:26,116 - app - INFO - Database Initialized
2026-03-06 03:19:28,168 - passlib.utils.compat - DEBUG - loaded lazy attr 'SafeConfigParser': <class 'configparser.ConfigParser'>
2026-03-06 03:19:28,168 - passlib.utils.compat - DEBUG - loaded lazy attr 'NativeStringIO': <class '_io.StringIO'>
2026-03-06 03:19:28,168 - passlib.utils.compat - DEBUG - loaded lazy attr 'BytesIO': <class '_io.BytesIO'>
2026-03-06 03:19:28,169 - passlib.registry - DEBUG - registered 'bcrypt' handler: <class 'passlib.handlers.bcrypt.bcrypt'>
2026-03-06 03:19:28,218 - app - INFO - Initializing Database
2026-03-06 03:19:28,252 - app - INFO - Modificando columna 'question_text' en `questions`: tipo=TEXT, nullable=True
2026-03-06 03:19:28,292 - app - INFO - Modificando columna 'answer' en `answer_options`: tipo=TEXT, nullable=True
2026-03-06 03:19:28,335 - app - INFO - Modificando columna 'is_correct' en `answer_options`: tipo=BOOL, nullable=True
2026-03-06 03:19:28,382 - app - INFO - Modificando columna 'answers' en `user_responses`: tipo=TEXT, nullable=True
2026-03-06 03:19:28,423 - app - INFO - Modificando columna 'payload' en `system_logs`: tipo=TEXT, nullable=True
2026-03-06 03:19:28,465 - app - INFO - Modificando columna 'response' en `system_logs`: tipo=TEXT, nullable=True
2026-03-06 03:19:28,513 - app - INFO - Modificando columna 'user_agent' en `system_logs`: tipo=TEXT, nullable=True
2026-03-06 03:19:28,549 - app - INFO - Checking for seed data...
2026-03-06 03:19:28,560 - app - INFO - Database Initialized
2026-03-06 03:19:30,532 - passlib.utils.compat - DEBUG - loaded lazy attr 'SafeConfigParser': <class 'configparser.ConfigParser'>
2026-03-06 03:19:30,532 - passlib.utils.compat - DEBUG - loaded lazy attr 'NativeStringIO': <class '_io.StringIO'>
2026-03-06 03:19:30,532 - passlib.utils.compat - DEBUG - loaded lazy attr 'BytesIO': <class '_io.BytesIO'>
2026-03-06 03:19:30,533 - passlib.registry - DEBUG - registered 'bcrypt' handler: <class 'passlib.handlers.bcrypt.bcrypt'>
2026-03-06 03:19:30,583 - app - INFO - Initializing Database
2026-03-06 03:19:30,622 - app - INFO - Modificando columna 'question_text' en `questions`: tipo=TEXT, nullable=True
2026-03-06 03:19:30,772 - app - INFO - Modificando columna 'answer' en `answer_options`: tipo=TEXT, nullable=True
2026-03-06 03:19:30,816 - app - INFO - Modificando columna 'is_correct' en `answer_options`: tipo=BOOL, nullable=True
2026-03-06 03:19:30,868 - app - INFO - Modificando columna 'answers' en `user_responses`: tipo=TEXT, nullable=True
2026-03-06 03:19:30,912 - app - INFO - Modificando columna 'payload' en `system_logs`: tipo=TEXT, nullable=True
2026-03-06 03:19:30,970 - app - INFO - Modificando columna 'response' en `system_logs`: tipo=TEXT, nullable=True
2026-03-06 03:19:31,018 - app - INFO - Modificando columna 'user_agent' en `system_logs`: tipo=TEXT, nullable=True
2026-03-06 03:19:31,080 - app - INFO - Checking for seed data...
2026-03-06 03:19:31,101 - app - INFO - Database Initialized
2026-03-06 03:19:32,493 - passlib.utils.compat - DEBUG - loaded lazy attr 'SafeConfigParser': <class 'configparser.ConfigParser'>
2026-03-06 03:19:32,493 - passlib.utils.compat - DEBUG - loaded lazy attr 'NativeStringIO': <class '_io.StringIO'>
2026-03-06 03:19:32,493 - passlib.utils.compat - DEBUG - loaded lazy attr 'BytesIO': <class '_io.BytesIO'>
2026-03-06 03:19:32,494 - passlib.registry - DEBUG - registered 'bcrypt' handler: <class 'passlib.handlers.bcrypt.bcrypt'>
2026-03-06 03:19:32,547 - app - INFO - Initializing Database
2026-03-06 03:19:32,581 - app - INFO - Modificando columna 'question_text' en `questions`: tipo=TEXT, nullable=True
2026-03-06 03:19:32,653 - app - INFO - Modificando columna 'answer' en `answer_options`: tipo=TEXT, nullable=True
2026-03-06 03:19:32,743 - app - INFO - Modificando columna 'is_correct' en `answer_options`: tipo=BOOL, nullable=True
2026-03-06 03:19:32,785 - app - INFO - Modificando columna 'answers' en `user_responses`: tipo=TEXT, nullable=True
2026-03-06 03:19:32,828 - app - INFO - Modificando columna 'payload' en `system_logs`: tipo=TEXT, nullable=True
2026-03-06 03:19:32,904 - app - INFO - Modificando columna 'response' en `system_logs`: tipo=TEXT, nullable=True
2026-03-06 03:19:32,972 - app - INFO - Modificando columna 'user_agent' en `system_logs`: tipo=TEXT, nullable=True
2026-03-06 03:19:33,013 - app - INFO - Checking for seed data...
2026-03-06 03:19:33,040 - app - INFO - Database Initialized
2026-03-06 03:19:34,992 - passlib.utils.compat - DEBUG - loaded lazy attr 'SafeConfigParser': <class 'configparser.ConfigParser'>
2026-03-06 03:19:34,992 - passlib.utils.compat - DEBUG - loaded lazy attr 'NativeStringIO': <class '_io.StringIO'>
2026-03-06 03:19:34,992 - passlib.utils.compat - DEBUG - loaded lazy attr 'BytesIO': <class '_io.BytesIO'>
2026-03-06 03:19:34,994 - passlib.registry - DEBUG - registered 'bcrypt' handler: <class 'passlib.handlers.bcrypt.bcrypt'>
2026-03-06 03:19:35,049 - app - INFO - Initializing Database
2026-03-06 03:19:35,084 - app - INFO - Modificando columna 'question_text' en `questions`: tipo=TEXT, nullable=True
2026-03-06 03:19:35,133 - app - INFO - Modificando columna 'answer' en `answer_options`: tipo=TEXT, nullable=True
2026-03-06 03:19:35,169 - app - INFO - Modificando columna 'is_correct' en `answer_options`: tipo=BOOL, nullable=True
2026-03-06 03:19:35,214 - app - INFO - Modificando columna 'answers' en `user_responses`: tipo=TEXT, nullable=True
2026-03-06 03:19:35,255 - app - INFO - Modificando columna 'payload' en `system_logs`: tipo=TEXT, nullable=True
2026-03-06 03:19:35,310 - app - INFO - Modificando columna 'response' en `system_logs`: tipo=TEXT, nullable=True
2026-03-06 03:19:35,360 - app - INFO - Modificando columna 'user_agent' en `system_logs`: tipo=TEXT, nullable=True
2026-03-06 03:19:35,408 - app - INFO - Checking for seed data...
2026-03-06 03:19:35,425 - app - INFO - Database Initialized
2026-03-06 03:19:37,290 - passlib.utils.compat - DEBUG - loaded lazy attr 'SafeConfigParser': <class 'configparser.ConfigParser'>
2026-03-06 03:19:37,290 - passlib.utils.compat - DEBUG - loaded lazy attr 'NativeStringIO': <class '_io.StringIO'>
2026-03-06 03:19:37,290 - passlib.utils.compat - DEBUG - loaded lazy attr 'BytesIO': <class '_io.BytesIO'>
2026-03-06 03:19:37,291 - passlib.registry - DEBUG - registered 'bcrypt' handler: <class 'passlib.handlers.bcrypt.bcrypt'>
2026-03-06 03:19:37,341 - app - INFO - Initializing Database
2026-03-06 03:19:37,379 - app - INFO - Modificando columna 'question_text' en `questions`: tipo=TEXT, nullable=True
2026-03-06 03:19:37,419 - app - INFO - Modificando columna 'answer' en `answer_options`: tipo=TEXT, nullable=True
2026-03-06 03:19:37,460 - app - INFO - Modificando columna 'is_correct' en `answer_options`: tipo=BOOL, nullable=True
2026-03-06 03:19:37,516 - app - INFO - Modificando columna 'answers' en `user_responses`: tipo=TEXT, nullable=True
2026-03-06 03:19:37,560 - app - INFO - Modificando columna 'payload' en `system_logs`: tipo=TEXT, nullable=True
2026-03-06 03:19:37,603 - app - INFO - Modificando columna 'response' en `system_logs`: tipo=TEXT, nullable=True
2026-03-06 03:19:37,658 - app - INFO - Modificando columna 'user_agent' en `system_logs`: tipo=TEXT, nullable=True
2026-03-06 03:19:37,737 - app - INFO - Checking for seed data...
2026-03-06 03:19:37,762 - app - INFO - Database Initialized
2026-03-06 03:19:39,817 - passlib.utils.compat - DEBUG - loaded lazy attr 'SafeConfigParser': <class 'configparser.ConfigParser'>
2026-03-06 03:19:39,817 - passlib.utils.compat - DEBUG - loaded lazy attr 'NativeStringIO': <class '_io.StringIO'>
2026-03-06 03:19:39,817 - passlib.utils.compat - DEBUG - loaded lazy attr 'BytesIO': <class '_io.BytesIO'>
2026-03-06 03:19:39,818 - passlib.registry - DEBUG - registered 'bcrypt' handler: <class 'passlib.handlers.bcrypt.bcrypt'>
2026-03-06 03:19:39,865 - app - INFO - Initializing Database
2026-03-06 03:19:39,900 - app - INFO - Modificando columna 'question_text' en `questions`: tipo=TEXT, nullable=True
2026-03-06 03:19:39,946 - app - INFO - Modificando columna 'answer' en `answer_options`: tipo=TEXT, nullable=True
2026-03-06 03:19:39,980 - app - INFO - Modificando columna 'is_correct' en `answer_options`: tipo=BOOL, nullable=True
2026-03-06 03:19:40,021 - app - INFO - Modificando columna 'answers' en `user_responses`: tipo=TEXT, nullable=True
2026-03-06 03:19:40,067 - app - INFO - Modificando columna 'payload' en `system_logs`: tipo=TEXT, nullable=True
2026-03-06 03:19:40,102 - app - INFO - Modificando columna 'response' en `system_logs`: tipo=TEXT, nullable=True
2026-03-06 03:19:40,142 - app - INFO - Modificando columna 'user_agent' en `system_logs`: tipo=TEXT, nullable=True
2026-03-06 03:19:40,182 - app - INFO - Checking for seed data...
2026-03-06 03:19:40,195 - app - INFO - Database Initialized
2026-03-06 03:19:42,664 - passlib.utils.compat - DEBUG - loaded lazy attr 'SafeConfigParser': <class 'configparser.ConfigParser'>
2026-03-06 03:19:42,664 - passlib.utils.compat - DEBUG - loaded lazy attr 'NativeStringIO': <class '_io.StringIO'>
2026-03-06 03:19:42,664 - passlib.utils.compat - DEBUG - loaded lazy attr 'BytesIO': <class '_io.BytesIO'>
2026-03-06 03:19:42,665 - passlib.registry - DEBUG - registered 'bcrypt' handler: <class 'passlib.handlers.bcrypt.bcrypt'>
2026-03-06 03:19:42,716 - app - INFO - Initializing Database
2026-03-06 03:19:42,754 - app - INFO - Modificando columna 'question_text' en `questions`: tipo=TEXT, nullable=True
2026-03-06 03:19:42,799 - app - INFO - Modificando columna 'answer' en `answer_options`: tipo=TEXT, nullable=True
2026-03-06 03:19:42,840 - app - INFO - Modificando columna 'is_correct' en `answer_options`: tipo=BOOL, nullable=True
2026-03-06 03:19:42,877 - app - INFO - Modificando columna 'answers' en `user_responses`: tipo=TEXT, nullable=True
2026-03-06 03:19:42,916 - app - INFO - Modificando columna 'payload' en `system_logs`: tipo=TEXT, nullable=True
2026-03-06 03:19:42,953 - app - INFO - Modificando columna 'response' en `system_logs`: tipo=TEXT, nullable=True
2026-03-06 03:19:42,989 - app - INFO - Modificando columna 'user_agent' en `system_logs`: tipo=TEXT, nullable=True
2026-03-06 03:19:43,037 - app - INFO - Checking for seed data...
2026-03-06 03:19:43,050 - app - INFO - Database Initialized
2026-03-06 03:20:03,273 - app - INFO - Key: sesamo, URI: mysql+pymysql://root:johansSwq21321*@127.0.0.1:3307/sesamo
2026-03-06 03:29:45,613 - passlib.utils.compat - DEBUG - loaded lazy attr 'SafeConfigParser': <class 'configparser.ConfigParser'>
2026-03-06 03:29:45,614 - passlib.utils.compat - DEBUG - loaded lazy attr 'NativeStringIO': <class '_io.StringIO'>
2026-03-06 03:29:45,614 - passlib.utils.compat - DEBUG - loaded lazy attr 'BytesIO': <class '_io.BytesIO'>
2026-03-06 03:29:45,615 - passlib.registry - DEBUG - registered 'bcrypt' handler: <class 'passlib.handlers.bcrypt.bcrypt'>
2026-03-06 03:29:45,680 - app - INFO - Initializing Database
2026-03-06 03:29:45,750 - app - INFO - Modificando columna 'question_text' en `questions`: tipo=TEXT, nullable=True
2026-03-06 03:29:45,820 - app - INFO - Modificando columna 'answer' en `answer_options`: tipo=TEXT, nullable=True
2026-03-06 03:29:45,869 - app - INFO - Modificando columna 'is_correct' en `answer_options`: tipo=BOOL, nullable=True
2026-03-06 03:29:45,933 - app - INFO - Modificando columna 'answers' en `user_responses`: tipo=TEXT, nullable=True
2026-03-06 03:29:45,977 - app - INFO - Modificando columna 'payload' en `system_logs`: tipo=TEXT, nullable=True
2026-03-06 03:29:46,027 - app - INFO - Modificando columna 'response' en `system_logs`: tipo=TEXT, nullable=True
2026-03-06 03:29:46,085 - app - INFO - Modificando columna 'user_agent' en `system_logs`: tipo=TEXT, nullable=True
2026-03-06 03:29:46,120 - app - INFO - Checking for seed data...
2026-03-06 03:29:46,134 - app - INFO - Database Initialized
2026-03-06 03:30:10,786 - passlib.utils.compat - DEBUG - loaded lazy attr 'SafeConfigParser': <class 'configparser.ConfigParser'>
2026-03-06 03:30:10,786 - passlib.utils.compat - DEBUG - loaded lazy attr 'NativeStringIO': <class '_io.StringIO'>
2026-03-06 03:30:10,786 - passlib.utils.compat - DEBUG - loaded lazy attr 'BytesIO': <class '_io.BytesIO'>
2026-03-06 03:30:10,787 - passlib.registry - DEBUG - registered 'bcrypt' handler: <class 'passlib.handlers.bcrypt.bcrypt'>
2026-03-06 03:30:10,839 - app - INFO - Initializing Database
2026-03-06 03:30:10,914 - app - INFO - Modificando columna 'question_text' en `questions`: tipo=TEXT, nullable=True
2026-03-06 03:30:10,976 - app - INFO - Modificando columna 'answer' en `answer_options`: tipo=TEXT, nullable=True
2026-03-06 03:30:11,040 - app - INFO - Modificando columna 'is_correct' en `answer_options`: tipo=BOOL, nullable=True
2026-03-06 03:30:11,079 - app - INFO - Modificando columna 'answers' en `user_responses`: tipo=TEXT, nullable=True
2026-03-06 03:30:11,118 - app - INFO - Modificando columna 'payload' en `system_logs`: tipo=TEXT, nullable=True
2026-03-06 03:30:11,165 - app - INFO - Modificando columna 'response' en `system_logs`: tipo=TEXT, nullable=True
2026-03-06 03:30:11,211 - app - INFO - Modificando columna 'user_agent' en `system_logs`: tipo=TEXT, nullable=True
2026-03-06 03:30:11,266 - app - INFO - Checking for seed data...
2026-03-06 03:30:11,301 - app - INFO - Database Initialized
2026-03-06 03:30:12,041 - passlib.utils.compat - DEBUG - loaded lazy attr 'SafeConfigParser': <class 'configparser.ConfigParser'>
2026-03-06 03:30:12,041 - passlib.utils.compat - DEBUG - loaded lazy attr 'NativeStringIO': <class '_io.StringIO'>
2026-03-06 03:30:12,041 - passlib.utils.compat - DEBUG - loaded lazy attr 'BytesIO': <class '_io.BytesIO'>
2026-03-06 03:30:12,042 - passlib.registry - DEBUG - registered 'bcrypt' handler: <class 'passlib.handlers.bcrypt.bcrypt'>
2026-03-06 03:30:12,090 - app - INFO - Initializing Database
2026-03-06 03:30:12,131 - app - INFO - Modificando columna 'question_text' en `questions`: tipo=TEXT, nullable=True
2026-03-06 03:30:12,173 - app - INFO - Modificando columna 'answer' en `answer_options`: tipo=TEXT, nullable=True
2026-03-06 03:30:12,229 - app - INFO - Modificando columna 'is_correct' en `answer_options`: tipo=BOOL, nullable=True
2026-03-06 03:30:12,281 - app - INFO - Modificando columna 'answers' en `user_responses`: tipo=TEXT, nullable=True
2026-03-06 03:30:12,326 - app - INFO - Modificando columna 'payload' en `system_logs`: tipo=TEXT, nullable=True
2026-03-06 03:30:12,366 - app - INFO - Modificando columna 'response' en `system_logs`: tipo=TEXT, nullable=True
2026-03-06 03:30:12,409 - app - INFO - Modificando columna 'user_agent' en `system_logs`: tipo=TEXT, nullable=True
2026-03-06 03:30:12,550 - app - INFO - Checking for seed data...
2026-03-06 03:30:12,577 - app - INFO - Database Initialized
2026-03-06 03:32:09,967 - passlib.utils.compat - DEBUG - loaded lazy attr 'SafeConfigParser': <class 'configparser.ConfigParser'>
2026-03-06 03:32:09,967 - passlib.utils.compat - DEBUG - loaded lazy attr 'NativeStringIO': <class '_io.StringIO'>
2026-03-06 03:32:09,967 - passlib.utils.compat - DEBUG - loaded lazy attr 'BytesIO': <class '_io.BytesIO'>
2026-03-06 03:32:09,968 - passlib.registry - DEBUG - registered 'bcrypt' handler: <class 'passlib.handlers.bcrypt.bcrypt'>
2026-03-06 03:32:10,032 - app - INFO - Initializing Database
2026-03-06 03:32:10,118 - app - INFO - Modificando columna 'question_text' en `questions`: tipo=TEXT, nullable=True
2026-03-06 03:32:10,169 - app - INFO - Modificando columna 'answer' en `answer_options`: tipo=TEXT, nullable=True
2026-03-06 03:32:10,217 - app - INFO - Modificando columna 'is_correct' en `answer_options`: tipo=BOOL, nullable=True
2026-03-06 03:32:10,256 - app - INFO - Modificando columna 'answers' en `user_responses`: tipo=TEXT, nullable=True
2026-03-06 03:32:10,304 - app - INFO - Modificando columna 'payload' en `system_logs`: tipo=TEXT, nullable=True
2026-03-06 03:32:10,353 - app - INFO - Modificando columna 'response' en `system_logs`: tipo=TEXT, nullable=True
2026-03-06 03:32:10,393 - app - INFO - Modificando columna 'user_agent' en `system_logs`: tipo=TEXT, nullable=True
2026-03-06 03:32:10,444 - app - INFO - Checking for seed data...
2026-03-06 03:32:10,465 - app - INFO - Database Initialized
2026-03-06 03:32:11,712 - passlib.utils.compat - DEBUG - loaded lazy attr 'SafeConfigParser': <class 'configparser.ConfigParser'>
2026-03-06 03:32:11,712 - passlib.utils.compat - DEBUG - loaded lazy attr 'NativeStringIO': <class '_io.StringIO'>
2026-03-06 03:32:11,712 - passlib.utils.compat - DEBUG - loaded lazy attr 'BytesIO': <class '_io.BytesIO'>
2026-03-06 03:32:11,712 - passlib.registry - DEBUG - registered 'bcrypt' handler: <class 'passlib.handlers.bcrypt.bcrypt'>
2026-03-06 03:32:11,758 - app - INFO - Initializing Database
2026-03-06 03:32:11,797 - app - INFO - Modificando columna 'question_text' en `questions`: tipo=TEXT, nullable=True
2026-03-06 03:32:11,854 - app - INFO - Modificando columna 'answer' en `answer_options`: tipo=TEXT, nullable=True
2026-03-06 03:32:11,907 - app - INFO - Modificando columna 'is_correct' en `answer_options`: tipo=BOOL, nullable=True
2026-03-06 03:32:11,950 - app - INFO - Modificando columna 'answers' en `user_responses`: tipo=TEXT, nullable=True
2026-03-06 03:32:12,007 - app - INFO - Modificando columna 'payload' en `system_logs`: tipo=TEXT, nullable=True
2026-03-06 03:32:12,045 - app - INFO - Modificando columna 'response' en `system_logs`: tipo=TEXT, nullable=True
2026-03-06 03:32:12,079 - app - INFO - Modificando columna 'user_agent' en `system_logs`: tipo=TEXT, nullable=True
2026-03-06 03:32:12,138 - app - INFO - Checking for seed data...
2026-03-06 03:32:12,171 - app - INFO - Database Initialized
2026-03-06 03:32:12,507 - passlib.utils.compat - DEBUG - loaded lazy attr 'SafeConfigParser': <class 'configparser.ConfigParser'>
2026-03-06 03:32:12,507 - passlib.utils.compat - DEBUG - loaded lazy attr 'NativeStringIO': <class '_io.StringIO'>
2026-03-06 03:32:12,507 - passlib.utils.compat - DEBUG - loaded lazy attr 'BytesIO': <class '_io.BytesIO'>
2026-03-06 03:32:12,508 - passlib.registry - DEBUG - registered 'bcrypt' handler: <class 'passlib.handlers.bcrypt.bcrypt'>
2026-03-06 03:32:12,561 - app - INFO - Initializing Database
2026-03-06 03:32:12,594 - app - INFO - Modificando columna 'question_text' en `questions`: tipo=TEXT, nullable=True
2026-03-06 03:32:12,640 - app - INFO - Modificando columna 'answer' en `answer_options`: tipo=TEXT, nullable=True
2026-03-06 03:32:12,700 - app - INFO - Modificando columna 'is_correct' en `answer_options`: tipo=BOOL, nullable=True
2026-03-06 03:32:12,740 - app - INFO - Modificando columna 'answers' en `user_responses`: tipo=TEXT, nullable=True
2026-03-06 03:32:12,793 - app - INFO - Modificando columna 'payload' en `system_logs`: tipo=TEXT, nullable=True
2026-03-06 03:32:12,852 - app - INFO - Modificando columna 'response' en `system_logs`: tipo=TEXT, nullable=True
2026-03-06 03:32:12,911 - app - INFO - Modificando columna 'user_agent' en `system_logs`: tipo=TEXT, nullable=True
2026-03-06 03:32:12,946 - app - INFO - Checking for seed data...
2026-03-06 03:32:12,960 - app - INFO - Database Initialized
2026-03-06 03:32:13,497 - passlib.utils.compat - DEBUG - loaded lazy attr 'SafeConfigParser': <class 'configparser.ConfigParser'>
2026-03-06 03:32:13,497 - passlib.utils.compat - DEBUG - loaded lazy attr 'NativeStringIO': <class '_io.StringIO'>
2026-03-06 03:32:13,497 - passlib.utils.compat - DEBUG - loaded lazy attr 'BytesIO': <class '_io.BytesIO'>
2026-03-06 03:32:13,498 - passlib.registry - DEBUG - registered 'bcrypt' handler: <class 'passlib.handlers.bcrypt.bcrypt'>
2026-03-06 03:32:13,545 - app - INFO - Initializing Database
2026-03-06 03:32:13,580 - app - INFO - Modificando columna 'question_text' en `questions`: tipo=TEXT, nullable=True
2026-03-06 03:32:13,627 - app - INFO - Modificando columna 'answer' en `answer_options`: tipo=TEXT, nullable=True
2026-03-06 03:32:13,669 - app - INFO - Modificando columna 'is_correct' en `answer_options`: tipo=BOOL, nullable=True
2026-03-06 03:32:13,712 - app - INFO - Modificando columna 'answers' en `user_responses`: tipo=TEXT, nullable=True
2026-03-06 03:32:13,771 - app - INFO - Modificando columna 'payload' en `system_logs`: tipo=TEXT, nullable=True
2026-03-06 03:32:13,816 - app - INFO - Modificando columna 'response' en `system_logs`: tipo=TEXT, nullable=True
2026-03-06 03:32:13,878 - app - INFO - Modificando columna 'user_agent' en `system_logs`: tipo=TEXT, nullable=True
2026-03-06 03:32:13,925 - app - INFO - Checking for seed data...
2026-03-06 03:32:13,942 - app - INFO - Database Initialized
2026-03-06 03:33:52,829 - passlib.utils.compat - DEBUG - loaded lazy attr 'SafeConfigParser': <class 'configparser.ConfigParser'>
2026-03-06 03:33:52,829 - passlib.utils.compat - DEBUG - loaded lazy attr 'NativeStringIO': <class '_io.StringIO'>
2026-03-06 03:33:52,829 - passlib.utils.compat - DEBUG - loaded lazy attr 'BytesIO': <class '_io.BytesIO'>
2026-03-06 03:33:52,831 - passlib.registry - DEBUG - registered 'bcrypt' handler: <class 'passlib.handlers.bcrypt.bcrypt'>
2026-03-06 03:33:52,893 - app - INFO - Initializing Database
2026-03-06 03:33:52,951 - app - INFO - Modificando columna 'question_text' en `questions`: tipo=TEXT, nullable=True
2026-03-06 03:33:53,008 - app - INFO - Modificando columna 'answer' en `answer_options`: tipo=TEXT, nullable=True
2026-03-06 03:33:53,049 - app - INFO - Modificando columna 'is_correct' en `answer_options`: tipo=BOOL, nullable=True
2026-03-06 03:33:53,088 - app - INFO - Modificando columna 'answers' en `user_responses`: tipo=TEXT, nullable=True
2026-03-06 03:33:53,128 - app - INFO - Modificando columna 'payload' en `system_logs`: tipo=TEXT, nullable=True
2026-03-06 03:33:53,208 - app - INFO - Modificando columna 'response' en `system_logs`: tipo=TEXT, nullable=True
2026-03-06 03:33:53,272 - app - INFO - Modificando columna 'user_agent' en `system_logs`: tipo=TEXT, nullable=True
2026-03-06 03:33:53,321 - app - INFO - Checking for seed data...
2026-03-06 03:33:53,355 - app - INFO - Database Initialized
2026-03-06 03:35:55,198 - passlib.utils.compat - DEBUG - loaded lazy attr 'SafeConfigParser': <class 'configparser.ConfigParser'>
2026-03-06 03:35:55,198 - passlib.utils.compat - DEBUG - loaded lazy attr 'NativeStringIO': <class '_io.StringIO'>
2026-03-06 03:35:55,198 - passlib.utils.compat - DEBUG - loaded lazy attr 'BytesIO': <class '_io.BytesIO'>
2026-03-06 03:35:55,200 - passlib.registry - DEBUG - registered 'bcrypt' handler: <class 'passlib.handlers.bcrypt.bcrypt'>
2026-03-06 03:35:55,259 - app - INFO - Initializing Database
2026-03-06 03:35:55,319 - app - INFO - Modificando columna 'question_text' en `questions`: tipo=TEXT, nullable=True
2026-03-06 03:35:55,368 - app - INFO - Modificando columna 'answer' en `answer_options`: tipo=TEXT, nullable=True
2026-03-06 03:35:55,404 - app - INFO - Modificando columna 'is_correct' en `answer_options`: tipo=BOOL, nullable=True
2026-03-06 03:35:55,466 - app - INFO - Modificando columna 'answers' en `user_responses`: tipo=TEXT, nullable=True
2026-03-06 03:35:55,559 - app - INFO - Modificando columna 'payload' en `system_logs`: tipo=TEXT, nullable=True
2026-03-06 03:35:55,615 - app - INFO - Modificando columna 'response' en `system_logs`: tipo=TEXT, nullable=True
2026-03-06 03:35:55,665 - app - INFO - Modificando columna 'user_agent' en `system_logs`: tipo=TEXT, nullable=True
2026-03-06 03:35:55,707 - app - INFO - Checking for seed data...
2026-03-06 03:35:55,735 - app - INFO - Database Initialized
2026-03-06 03:36:15,426 - passlib.utils.compat - DEBUG - loaded lazy attr 'SafeConfigParser': <class 'configparser.ConfigParser'>
2026-03-06 03:36:15,426 - passlib.utils.compat - DEBUG - loaded lazy attr 'NativeStringIO': <class '_io.StringIO'>
2026-03-06 03:36:15,426 - passlib.utils.compat - DEBUG - loaded lazy attr 'BytesIO': <class '_io.BytesIO'>
2026-03-06 03:36:15,427 - passlib.registry - DEBUG - registered 'bcrypt' handler: <class 'passlib.handlers.bcrypt.bcrypt'>
2026-03-06 03:36:15,478 - app - INFO - Initializing Database
2026-03-06 03:36:15,545 - app - INFO - Modificando columna 'question_text' en `questions`: tipo=TEXT, nullable=True
2026-03-06 03:36:15,585 - app - INFO - Modificando columna 'answer' en `answer_options`: tipo=TEXT, nullable=True
2026-03-06 03:36:15,623 - app - INFO - Modificando columna 'is_correct' en `answer_options`: tipo=BOOL, nullable=True
2026-03-06 03:36:15,668 - app - INFO - Modificando columna 'answers' en `user_responses`: tipo=TEXT, nullable=True
2026-03-06 03:36:15,722 - app - INFO - Modificando columna 'payload' en `system_logs`: tipo=TEXT, nullable=True
2026-03-06 03:36:15,765 - app - INFO - Modificando columna 'response' en `system_logs`: tipo=TEXT, nullable=True
2026-03-06 03:36:15,805 - app - INFO - Modificando columna 'user_agent' en `system_logs`: tipo=TEXT, nullable=True
2026-03-06 03:36:15,851 - app - INFO - Checking for seed data...
2026-03-06 03:36:15,878 - app - INFO - Database Initialized
2026-03-06 03:36:34,355 - passlib.utils.compat - DEBUG - loaded lazy attr 'SafeConfigParser': <class 'configparser.ConfigParser'>
2026-03-06 03:36:34,355 - passlib.utils.compat - DEBUG - loaded lazy attr 'NativeStringIO': <class '_io.StringIO'>
2026-03-06 03:36:34,355 - passlib.utils.compat - DEBUG - loaded lazy attr 'BytesIO': <class '_io.BytesIO'>
2026-03-06 03:36:34,356 - passlib.registry - DEBUG - registered 'bcrypt' handler: <class 'passlib.handlers.bcrypt.bcrypt'>
2026-03-06 03:36:34,429 - app - INFO - Initializing Database
2026-03-06 03:36:34,470 - app - INFO - Modificando columna 'question_text' en `questions`: tipo=TEXT, nullable=True
2026-03-06 03:36:34,521 - app - INFO - Modificando columna 'answer' en `answer_options`: tipo=TEXT, nullable=True
2026-03-06 03:36:34,555 - app - INFO - Modificando columna 'is_correct' en `answer_options`: tipo=BOOL, nullable=True
2026-03-06 03:36:34,685 - app - INFO - Modificando columna 'answers' en `user_responses`: tipo=TEXT, nullable=True
2026-03-06 03:36:34,731 - app - INFO - Modificando columna 'payload' en `system_logs`: tipo=TEXT, nullable=True
2026-03-06 03:36:34,769 - app - INFO - Modificando columna 'response' en `system_logs`: tipo=TEXT, nullable=True
2026-03-06 03:36:34,815 - app - INFO - Modificando columna 'user_agent' en `system_logs`: tipo=TEXT, nullable=True
2026-03-06 03:36:34,859 - app - INFO - Checking for seed data...
2026-03-06 03:36:34,895 - app - INFO - Database Initialized
2026-03-06 03:36:38,821 - passlib.utils.compat - DEBUG - loaded lazy attr 'SafeConfigParser': <class 'configparser.ConfigParser'>
2026-03-06 03:36:38,821 - passlib.utils.compat - DEBUG - loaded lazy attr 'NativeStringIO': <class '_io.StringIO'>
2026-03-06 03:36:38,821 - passlib.utils.compat - DEBUG - loaded lazy attr 'BytesIO': <class '_io.BytesIO'>
2026-03-06 03:36:38,822 - passlib.registry - DEBUG - registered 'bcrypt' handler: <class 'passlib.handlers.bcrypt.bcrypt'>
2026-03-06 03:36:38,873 - app - INFO - Initializing Database
2026-03-06 03:36:38,913 - app - INFO - Modificando columna 'question_text' en `questions`: tipo=TEXT, nullable=True
2026-03-06 03:36:38,956 - app - INFO - Modificando columna 'answer' en `answer_options`: tipo=TEXT, nullable=True
2026-03-06 03:36:38,994 - app - INFO - Modificando columna 'is_correct' en `answer_options`: tipo=BOOL, nullable=True
2026-03-06 03:36:39,043 - app - INFO - Modificando columna 'answers' en `user_responses`: tipo=TEXT, nullable=True
2026-03-06 03:36:39,082 - app - INFO - Modificando columna 'payload' en `system_logs`: tipo=TEXT, nullable=True
2026-03-06 03:36:39,133 - app - INFO - Modificando columna 'response' en `system_logs`: tipo=TEXT, nullable=True
2026-03-06 03:36:39,177 - app - INFO - Modificando columna 'user_agent' en `system_logs`: tipo=TEXT, nullable=True
2026-03-06 03:36:39,222 - app - INFO - Checking for seed data...
2026-03-06 03:36:39,257 - app - INFO - Database Initialized
2026-03-06 03:37:14,900 - passlib.utils.compat - DEBUG - loaded lazy attr 'SafeConfigParser': <class 'configparser.ConfigParser'>
2026-03-06 03:37:14,900 - passlib.utils.compat - DEBUG - loaded lazy attr 'NativeStringIO': <class '_io.StringIO'>
2026-03-06 03:37:14,900 - passlib.utils.compat - DEBUG - loaded lazy attr 'BytesIO': <class '_io.BytesIO'>
2026-03-06 03:37:14,902 - passlib.registry - DEBUG - registered 'bcrypt' handler: <class 'passlib.handlers.bcrypt.bcrypt'>
2026-03-06 03:37:14,970 - app - INFO - Initializing Database
2026-03-06 03:37:15,046 - app - INFO - Modificando columna 'question_text' en `questions`: tipo=TEXT, nullable=True
2026-03-06 03:37:15,098 - app - INFO - Modificando columna 'answer' en `answer_options`: tipo=TEXT, nullable=True
2026-03-06 03:37:15,141 - app - INFO - Modificando columna 'is_correct' en `answer_options`: tipo=BOOL, nullable=True
2026-03-06 03:37:15,208 - app - INFO - Modificando columna 'answers' en `user_responses`: tipo=TEXT, nullable=True
2026-03-06 03:37:15,257 - app - INFO - Modificando columna 'payload' en `system_logs`: tipo=TEXT, nullable=True
2026-03-06 03:37:15,316 - app - INFO - Modificando columna 'response' en `system_logs`: tipo=TEXT, nullable=True
2026-03-06 03:37:15,377 - app - INFO - Modificando columna 'user_agent' en `system_logs`: tipo=TEXT, nullable=True
2026-03-06 03:37:15,420 - app - INFO - Checking for seed data...
2026-03-06 03:37:15,455 - app - INFO - Database Initialized
2026-03-06 03:37:29,650 - app - INFO - Key: sesamo, URI: mysql+pymysql://root:johansSwq21321*@127.0.0.1:3307/sesamo
2026-03-06 03:37:29,678 - passlib.handlers.bcrypt - WARNING - (trapped) error reading bcrypt version
Traceback (most recent call last):
  File "/Users/johanrodriguez/Documents/sesamoBack/.venv/lib/python3.12/site-packages/passlib/handlers/bcrypt.py", line 620, in _load_backend_mixin
    version = _bcrypt.__about__.__version__
              ^^^^^^^^^^^^^^^^^
AttributeError: module 'bcrypt' has no attribute '__about__'
2026-03-06 03:37:29,682 - passlib.handlers.bcrypt - DEBUG - detected 'bcrypt' backend, version '<unknown>'
2026-03-06 03:37:29,682 - passlib.handlers.bcrypt - DEBUG - 'bcrypt' backend lacks $2$ support, enabling workaround
2026-03-06 03:37:29,692 - app - INFO - start saving SystemLogs
2026-03-06 03:37:29,746 - app - INFO - finishing saving SystemLogs
2026-03-06 03:38:37,514 - passlib.utils.compat - DEBUG - loaded lazy attr 'SafeConfigParser': <class 'configparser.ConfigParser'>
2026-03-06 03:38:37,514 - passlib.utils.compat - DEBUG - loaded lazy attr 'NativeStringIO': <class '_io.StringIO'>
2026-03-06 03:38:37,514 - passlib.utils.compat - DEBUG - loaded lazy attr 'BytesIO': <class '_io.BytesIO'>
2026-03-06 03:38:37,515 - passlib.registry - DEBUG - registered 'bcrypt' handler: <class 'passlib.handlers.bcrypt.bcrypt'>
2026-03-06 03:38:37,626 - app - INFO - Initializing Database
2026-03-06 03:38:37,693 - app - INFO - Modificando columna 'question_text' en `questions`: tipo=TEXT, nullable=True
2026-03-06 03:38:37,744 - app - INFO - Modificando columna 'answer' en `answer_options`: tipo=TEXT, nullable=True
2026-03-06 03:38:37,779 - app - INFO - Modificando columna 'is_correct' en `answer_options`: tipo=BOOL, nullable=True
2026-03-06 03:38:37,822 - app - INFO - Modificando columna 'answers' en `user_responses`: tipo=TEXT, nullable=True
2026-03-06 03:38:37,866 - app - INFO - Modificando columna 'payload' en `system_logs`: tipo=TEXT, nullable=True
2026-03-06 03:38:37,913 - app - INFO - Modificando columna 'response' en `system_logs`: tipo=TEXT, nullable=True
2026-03-06 03:38:37,946 - app - INFO - Modificando columna 'user_agent' en `system_logs`: tipo=TEXT, nullable=True
2026-03-06 03:38:37,987 - app - INFO - Checking for seed data...
2026-03-06 03:38:38,020 - app - INFO - Database Initialized
2026-03-06 03:38:41,925 - passlib.utils.compat - DEBUG - loaded lazy attr 'SafeConfigParser': <class 'configparser.ConfigParser'>
2026-03-06 03:38:41,925 - passlib.utils.compat - DEBUG - loaded lazy attr 'NativeStringIO': <class '_io.StringIO'>
2026-03-06 03:38:41,925 - passlib.utils.compat - DEBUG - loaded lazy attr 'BytesIO': <class '_io.BytesIO'>
2026-03-06 03:38:41,926 - passlib.registry - DEBUG - registered 'bcrypt' handler: <class 'passlib.handlers.bcrypt.bcrypt'>
2026-03-06 03:38:41,982 - app - INFO - Initializing Database
2026-03-06 03:38:42,017 - app - INFO - Modificando columna 'question_text' en `questions`: tipo=TEXT, nullable=True
2026-03-06 03:38:42,057 - app - INFO - Modificando columna 'answer' en `answer_options`: tipo=TEXT, nullable=True
2026-03-06 03:38:42,099 - app - INFO - Modificando columna 'is_correct' en `answer_options`: tipo=BOOL, nullable=True
2026-03-06 03:38:42,154 - app - INFO - Modificando columna 'answers' en `user_responses`: tipo=TEXT, nullable=True
2026-03-06 03:38:42,199 - app - INFO - Modificando columna 'payload' en `system_logs`: tipo=TEXT, nullable=True
2026-03-06 03:38:42,238 - app - INFO - Modificando columna 'response' en `system_logs`: tipo=TEXT, nullable=True
2026-03-06 03:38:42,294 - app - INFO - Modificando columna 'user_agent' en `system_logs`: tipo=TEXT, nullable=True
2026-03-06 03:38:42,328 - app - INFO - Checking for seed data...
2026-03-06 03:38:42,348 - app - INFO - Database Initialized
2026-03-06 03:39:11,170 - passlib.utils.compat - DEBUG - loaded lazy attr 'SafeConfigParser': <class 'configparser.ConfigParser'>
2026-03-06 03:39:11,170 - passlib.utils.compat - DEBUG - loaded lazy attr 'NativeStringIO': <class '_io.StringIO'>
2026-03-06 03:39:11,170 - passlib.utils.compat - DEBUG - loaded lazy attr 'BytesIO': <class '_io.BytesIO'>
2026-03-06 03:39:11,171 - passlib.registry - DEBUG - registered 'bcrypt' handler: <class 'passlib.handlers.bcrypt.bcrypt'>
2026-03-06 03:39:11,233 - app - INFO - Initializing Database
2026-03-06 03:39:11,302 - app - INFO - Modificando columna 'question_text' en `questions`: tipo=TEXT, nullable=True
2026-03-06 03:39:11,348 - app - INFO - Modificando columna 'answer' en `answer_options`: tipo=TEXT, nullable=True
2026-03-06 03:39:11,400 - app - INFO - Modificando columna 'is_correct' en `answer_options`: tipo=BOOL, nullable=True
2026-03-06 03:39:11,436 - app - INFO - Modificando columna 'answers' en `user_responses`: tipo=TEXT, nullable=True
2026-03-06 03:39:11,471 - app - INFO - Modificando columna 'payload' en `system_logs`: tipo=TEXT, nullable=True
2026-03-06 03:39:11,529 - app - INFO - Modificando columna 'response' en `system_logs`: tipo=TEXT, nullable=True
2026-03-06 03:39:11,566 - app - INFO - Modificando columna 'user_agent' en `system_logs`: tipo=TEXT, nullable=True
2026-03-06 03:39:11,604 - app - INFO - Checking for seed data...
2026-03-06 03:39:11,630 - app - INFO - Database Initialized
2026-03-06 03:39:17,403 - app - INFO - Key: sesamo, URI: mysql+pymysql://root:johansSwq21321*@127.0.0.1:3307/sesamo
2026-03-06 03:39:40,762 - passlib.handlers.bcrypt - WARNING - (trapped) error reading bcrypt version
Traceback (most recent call last):
  File "/Users/johanrodriguez/Documents/sesamoBack/.venv/lib/python3.12/site-packages/passlib/handlers/bcrypt.py", line 620, in _load_backend_mixin
    version = _bcrypt.__about__.__version__
              ^^^^^^^^^^^^^^^^^
AttributeError: module 'bcrypt' has no attribute '__about__'
2026-03-06 03:39:40,764 - passlib.handlers.bcrypt - DEBUG - detected 'bcrypt' backend, version '<unknown>'
2026-03-06 03:39:40,764 - passlib.handlers.bcrypt - DEBUG - 'bcrypt' backend lacks $2$ support, enabling workaround
2026-03-06 03:39:40,773 - app - INFO - start saving SystemLogs
2026-03-06 03:39:40,817 - app - INFO - finishing saving SystemLogs
2026-03-06 03:40:02,731 - passlib.utils.compat - DEBUG - loaded lazy attr 'SafeConfigParser': <class 'configparser.ConfigParser'>
2026-03-06 03:40:02,731 - passlib.utils.compat - DEBUG - loaded lazy attr 'NativeStringIO': <class '_io.StringIO'>
2026-03-06 03:40:02,731 - passlib.utils.compat - DEBUG - loaded lazy attr 'BytesIO': <class '_io.BytesIO'>
2026-03-06 03:40:02,733 - passlib.registry - DEBUG - registered 'bcrypt' handler: <class 'passlib.handlers.bcrypt.bcrypt'>
2026-03-06 03:40:02,826 - app - INFO - Initializing Database
2026-03-06 03:40:02,880 - app - INFO - Modificando columna 'question_text' en `questions`: tipo=TEXT, nullable=True
2026-03-06 03:40:02,926 - app - INFO - Modificando columna 'answer' en `answer_options`: tipo=TEXT, nullable=True
2026-03-06 03:40:02,963 - app - INFO - Modificando columna 'is_correct' en `answer_options`: tipo=BOOL, nullable=True
2026-03-06 03:40:03,013 - app - INFO - Modificando columna 'answers' en `user_responses`: tipo=TEXT, nullable=True
2026-03-06 03:40:03,051 - app - INFO - Modificando columna 'payload' en `system_logs`: tipo=TEXT, nullable=True
2026-03-06 03:40:03,092 - app - INFO - Modificando columna 'response' en `system_logs`: tipo=TEXT, nullable=True
2026-03-06 03:40:03,142 - app - INFO - Modificando columna 'user_agent' en `system_logs`: tipo=TEXT, nullable=True
2026-03-06 03:40:03,183 - app - INFO - Checking for seed data...
2026-03-06 03:40:03,207 - app - INFO - Database Initialized
2026-03-06 03:40:43,214 - passlib.utils.compat - DEBUG - loaded lazy attr 'SafeConfigParser': <class 'configparser.ConfigParser'>
2026-03-06 03:40:43,214 - passlib.utils.compat - DEBUG - loaded lazy attr 'NativeStringIO': <class '_io.StringIO'>
2026-03-06 03:40:43,214 - passlib.utils.compat - DEBUG - loaded lazy attr 'BytesIO': <class '_io.BytesIO'>
2026-03-06 03:40:43,216 - passlib.registry - DEBUG - registered 'bcrypt' handler: <class 'passlib.handlers.bcrypt.bcrypt'>
2026-03-06 03:40:43,284 - app - INFO - Initializing Database
2026-03-06 03:40:43,356 - app - INFO - Modificando columna 'question_text' en `questions`: tipo=TEXT, nullable=True
2026-03-06 03:40:43,405 - app - INFO - Modificando columna 'answer' en `answer_options`: tipo=TEXT, nullable=True
2026-03-06 03:40:43,438 - app - INFO - Modificando columna 'is_correct' en `answer_options`: tipo=BOOL, nullable=True
2026-03-06 03:40:43,481 - app - INFO - Modificando columna 'answers' en `user_responses`: tipo=TEXT, nullable=True
2026-03-06 03:40:43,520 - app - INFO - Modificando columna 'payload' en `system_logs`: tipo=TEXT, nullable=True
2026-03-06 03:40:43,559 - app - INFO - Modificando columna 'response' en `system_logs`: tipo=TEXT, nullable=True
2026-03-06 03:40:43,597 - app - INFO - Modificando columna 'user_agent' en `system_logs`: tipo=TEXT, nullable=True
2026-03-06 03:40:43,635 - app - INFO - Checking for seed data...
2026-03-06 03:40:43,667 - app - INFO - Database Initialized
2026-03-06 03:42:05,192 - passlib.utils.compat - DEBUG - loaded lazy attr 'SafeConfigParser': <class 'configparser.ConfigParser'>
2026-03-06 03:42:05,193 - passlib.utils.compat - DEBUG - loaded lazy attr 'NativeStringIO': <class '_io.StringIO'>
2026-03-06 03:42:05,193 - passlib.utils.compat - DEBUG - loaded lazy attr 'BytesIO': <class '_io.BytesIO'>
2026-03-06 03:42:05,194 - passlib.registry - DEBUG - registered 'bcrypt' handler: <class 'passlib.handlers.bcrypt.bcrypt'>
2026-03-06 03:42:05,261 - app - INFO - Initializing Database
2026-03-06 03:42:05,340 - app - INFO - Modificando columna 'question_text' en `questions`: tipo=TEXT, nullable=True
2026-03-06 03:42:05,398 - app - INFO - Modificando columna 'answer' en `answer_options`: tipo=TEXT, nullable=True
2026-03-06 03:42:05,434 - app - INFO - Modificando columna 'is_correct' en `answer_options`: tipo=BOOL, nullable=True
2026-03-06 03:42:05,493 - app - INFO - Modificando columna 'answers' en `user_responses`: tipo=TEXT, nullable=True
2026-03-06 03:42:05,536 - app - INFO - Modificando columna 'payload' en `system_logs`: tipo=TEXT, nullable=True
2026-03-06 03:42:05,580 - app - INFO - Modificando columna 'response' en `system_logs`: tipo=TEXT, nullable=True
2026-03-06 03:42:05,618 - app - INFO - Modificando columna 'user_agent' en `system_logs`: tipo=TEXT, nullable=True
2026-03-06 03:42:05,655 - app - INFO - Checking for seed data...
2026-03-06 03:42:05,681 - app - INFO - Database Initialized
2026-03-06 03:42:08,250 - passlib.utils.compat - DEBUG - loaded lazy attr 'SafeConfigParser': <class 'configparser.ConfigParser'>
2026-03-06 03:42:08,250 - passlib.utils.compat - DEBUG - loaded lazy attr 'NativeStringIO': <class '_io.StringIO'>
2026-03-06 03:42:08,250 - passlib.utils.compat - DEBUG - loaded lazy attr 'BytesIO': <class '_io.BytesIO'>
2026-03-06 03:42:08,251 - passlib.registry - DEBUG - registered 'bcrypt' handler: <class 'passlib.handlers.bcrypt.bcrypt'>
2026-03-06 03:42:08,305 - app - INFO - Initializing Database
2026-03-06 03:42:08,342 - app - INFO - Modificando columna 'question_text' en `questions`: tipo=TEXT, nullable=True
2026-03-06 03:42:08,378 - app - INFO - Modificando columna 'answer' en `answer_options`: tipo=TEXT, nullable=True
2026-03-06 03:42:08,431 - app - INFO - Modificando columna 'is_correct' en `answer_options`: tipo=BOOL, nullable=True
2026-03-06 03:42:08,469 - app - INFO - Modificando columna 'answers' en `user_responses`: tipo=TEXT, nullable=True
2026-03-06 03:42:08,505 - app - INFO - Modificando columna 'payload' en `system_logs`: tipo=TEXT, nullable=True
2026-03-06 03:42:08,542 - app - INFO - Modificando columna 'response' en `system_logs`: tipo=TEXT, nullable=True
2026-03-06 03:42:08,578 - app - INFO - Modificando columna 'user_agent' en `system_logs`: tipo=TEXT, nullable=True
2026-03-06 03:42:08,615 - app - INFO - Checking for seed data...
2026-03-06 03:42:08,630 - app - INFO - Database Initialized
2026-03-06 03:42:22,191 - passlib.utils.compat - DEBUG - loaded lazy attr 'SafeConfigParser': <class 'configparser.ConfigParser'>
2026-03-06 03:42:22,191 - passlib.utils.compat - DEBUG - loaded lazy attr 'NativeStringIO': <class '_io.StringIO'>
2026-03-06 03:42:22,191 - passlib.utils.compat - DEBUG - loaded lazy attr 'BytesIO': <class '_io.BytesIO'>
2026-03-06 03:42:22,192 - passlib.registry - DEBUG - registered 'bcrypt' handler: <class 'passlib.handlers.bcrypt.bcrypt'>
2026-03-06 03:42:22,258 - app - INFO - Initializing Database
2026-03-06 03:42:22,293 - app - INFO - Modificando columna 'question_text' en `questions`: tipo=TEXT, nullable=True
2026-03-06 03:42:22,330 - app - INFO - Modificando columna 'answer' en `answer_options`: tipo=TEXT, nullable=True
2026-03-06 03:42:22,369 - app - INFO - Modificando columna 'is_correct' en `answer_options`: tipo=BOOL, nullable=True
2026-03-06 03:42:22,406 - app - INFO - Modificando columna 'answers' en `user_responses`: tipo=TEXT, nullable=True
2026-03-06 03:42:22,444 - app - INFO - Modificando columna 'payload' en `system_logs`: tipo=TEXT, nullable=True
2026-03-06 03:42:22,477 - app - INFO - Modificando columna 'response' en `system_logs`: tipo=TEXT, nullable=True
2026-03-06 03:42:22,521 - app - INFO - Modificando columna 'user_agent' en `system_logs`: tipo=TEXT, nullable=True
2026-03-06 03:42:22,558 - app - INFO - Checking for seed data...
2026-03-06 03:42:22,573 - app - INFO - Database Initialized
2026-03-06 03:42:33,387 - app - INFO - Key: sesamo, URI: mysql+pymysql://root:johansSwq21321*@127.0.0.1:3307/sesamo
2026-03-06 03:42:33,444 - app - INFO - start saving SystemLogs
2026-03-06 03:42:33,493 - app - INFO - finishing saving SystemLogs
2026-03-06 03:43:09,187 - passlib.utils.compat - DEBUG - loaded lazy attr 'SafeConfigParser': <class 'configparser.ConfigParser'>
2026-03-06 03:43:09,187 - passlib.utils.compat - DEBUG - loaded lazy attr 'NativeStringIO': <class '_io.StringIO'>
2026-03-06 03:43:09,187 - passlib.utils.compat - DEBUG - loaded lazy attr 'BytesIO': <class '_io.BytesIO'>
2026-03-06 03:43:09,188 - passlib.registry - DEBUG - registered 'bcrypt' handler: <class 'passlib.handlers.bcrypt.bcrypt'>
2026-03-06 03:43:09,260 - app - INFO - Initializing Database
2026-03-06 03:43:09,335 - app - INFO - Modificando columna 'question_text' en `questions`: tipo=TEXT, nullable=True
2026-03-06 03:43:09,387 - app - INFO - Modificando columna 'answer' en `answer_options`: tipo=TEXT, nullable=True
2026-03-06 03:43:09,432 - app - INFO - Modificando columna 'is_correct' en `answer_options`: tipo=BOOL, nullable=True
2026-03-06 03:43:09,474 - app - INFO - Modificando columna 'answers' en `user_responses`: tipo=TEXT, nullable=True
2026-03-06 03:43:09,516 - app - INFO - Modificando columna 'payload' en `system_logs`: tipo=TEXT, nullable=True
2026-03-06 03:43:09,552 - app - INFO - Modificando columna 'response' en `system_logs`: tipo=TEXT, nullable=True
2026-03-06 03:43:09,589 - app - INFO - Modificando columna 'user_agent' en `system_logs`: tipo=TEXT, nullable=True
2026-03-06 03:43:09,628 - app - INFO - Checking for seed data...
2026-03-06 03:43:09,665 - app - INFO - Database Initialized
2026-03-06 03:43:13,699 - passlib.utils.compat - DEBUG - loaded lazy attr 'SafeConfigParser': <class 'configparser.ConfigParser'>
2026-03-06 03:43:13,699 - passlib.utils.compat - DEBUG - loaded lazy attr 'NativeStringIO': <class '_io.StringIO'>
2026-03-06 03:43:13,699 - passlib.utils.compat - DEBUG - loaded lazy attr 'BytesIO': <class '_io.BytesIO'>
2026-03-06 03:43:13,700 - passlib.registry - DEBUG - registered 'bcrypt' handler: <class 'passlib.handlers.bcrypt.bcrypt'>
2026-03-06 03:43:13,748 - app - INFO - Initializing Database
2026-03-06 03:43:13,786 - app - INFO - Modificando columna 'question_text' en `questions`: tipo=TEXT, nullable=True
2026-03-06 03:43:13,827 - app - INFO - Modificando columna 'answer' en `answer_options`: tipo=TEXT, nullable=True
2026-03-06 03:43:13,950 - app - INFO - Modificando columna 'is_correct' en `answer_options`: tipo=BOOL, nullable=True
2026-03-06 03:43:13,999 - app - INFO - Modificando columna 'answers' en `user_responses`: tipo=TEXT, nullable=True
2026-03-06 03:43:14,041 - app - INFO - Modificando columna 'payload' en `system_logs`: tipo=TEXT, nullable=True
2026-03-06 03:43:14,086 - app - INFO - Modificando columna 'response' en `system_logs`: tipo=TEXT, nullable=True
2026-03-06 03:43:14,140 - app - INFO - Modificando columna 'user_agent' en `system_logs`: tipo=TEXT, nullable=True
2026-03-06 03:43:14,181 - app - INFO - Checking for seed data...
2026-03-06 03:43:14,201 - app - INFO - Database Initialized
2026-03-06 03:43:21,007 - app - INFO - Key: sesamo, URI: mysql+pymysql://root:johansSwq21321*@127.0.0.1:3307/sesamo
2026-03-06 03:43:25,477 - passlib.handlers.bcrypt - WARNING - (trapped) error reading bcrypt version
Traceback (most recent call last):
  File "/Users/johanrodriguez/Documents/sesamoBack/.venv/lib/python3.12/site-packages/passlib/handlers/bcrypt.py", line 620, in _load_backend_mixin
    version = _bcrypt.__about__.__version__
              ^^^^^^^^^^^^^^^^^
AttributeError: module 'bcrypt' has no attribute '__about__'
2026-03-06 03:43:25,481 - passlib.handlers.bcrypt - DEBUG - detected 'bcrypt' backend, version '<unknown>'
2026-03-06 03:43:25,481 - passlib.handlers.bcrypt - DEBUG - 'bcrypt' backend lacks $2$ support, enabling workaround
2026-03-06 03:43:49,696 - passlib.handlers.bcrypt - WARNING - (trapped) error reading bcrypt version
Traceback (most recent call last):
  File "/Users/johanrodriguez/Documents/sesamoBack/.venv/lib/python3.12/site-packages/passlib/handlers/bcrypt.py", line 620, in _load_backend_mixin
    version = _bcrypt.__about__.__version__
              ^^^^^^^^^^^^^^^^^
AttributeError: module 'bcrypt' has no attribute '__about__'
2026-03-06 03:43:49,697 - passlib.handlers.bcrypt - DEBUG - detected 'bcrypt' backend, version '<unknown>'
2026-03-06 03:43:51,956 - passlib.handlers.bcrypt - WARNING - (trapped) error reading bcrypt version
Traceback (most recent call last):
  File "/Users/johanrodriguez/Documents/sesamoBack/.venv/lib/python3.12/site-packages/passlib/handlers/bcrypt.py", line 620, in _load_backend_mixin
    version = _bcrypt.__about__.__version__
              ^^^^^^^^^^^^^^^^^
AttributeError: module 'bcrypt' has no attribute '__about__'
2026-03-06 03:43:51,956 - passlib.handlers.bcrypt - DEBUG - detected 'bcrypt' backend, version '<unknown>'
2026-03-06 03:43:52,150 - passlib.handlers.bcrypt - WARNING - (trapped) error reading bcrypt version
Traceback (most recent call last):
  File "/Users/johanrodriguez/Documents/sesamoBack/.venv/lib/python3.12/site-packages/passlib/handlers/bcrypt.py", line 620, in _load_backend_mixin
    version = _bcrypt.__about__.__version__
              ^^^^^^^^^^^^^^^^^
AttributeError: module 'bcrypt' has no attribute '__about__'
2026-03-06 03:43:52,151 - passlib.handlers.bcrypt - DEBUG - detected 'bcrypt' backend, version '<unknown>'
2026-03-06 03:43:52,333 - passlib.handlers.bcrypt - WARNING - (trapped) error reading bcrypt version
Traceback (most recent call last):
  File "/Users/johanrodriguez/Documents/sesamoBack/.venv/lib/python3.12/site-packages/passlib/handlers/bcrypt.py", line 620, in _load_backend_mixin
    version = _bcrypt.__about__.__version__
              ^^^^^^^^^^^^^^^^^
AttributeError: module 'bcrypt' has no attribute '__about__'
2026-03-06 03:43:52,334 - passlib.handlers.bcrypt - DEBUG - detected 'bcrypt' backend, version '<unknown>'
2026-03-06 03:45:08,660 - passlib.utils.compat - DEBUG - loaded lazy attr 'SafeConfigParser': <class 'configparser.ConfigParser'>
2026-03-06 03:45:08,661 - passlib.utils.compat - DEBUG - loaded lazy attr 'NativeStringIO': <class '_io.StringIO'>
2026-03-06 03:45:08,661 - passlib.utils.compat - DEBUG - loaded lazy attr 'BytesIO': <class '_io.BytesIO'>
2026-03-06 03:45:08,662 - passlib.registry - DEBUG - registered 'bcrypt' handler: <class 'passlib.handlers.bcrypt.bcrypt'>
2026-03-06 03:45:08,727 - app - INFO - Initializing Database
2026-03-06 03:45:08,781 - app - INFO - Modificando columna 'question_text' en `questions`: tipo=TEXT, nullable=True
2026-03-06 03:45:08,833 - app - INFO - Modificando columna 'answer' en `answer_options`: tipo=TEXT, nullable=True
2026-03-06 03:45:08,872 - app - INFO - Modificando columna 'is_correct' en `answer_options`: tipo=BOOL, nullable=True
2026-03-06 03:45:08,929 - app - INFO - Modificando columna 'answers' en `user_responses`: tipo=TEXT, nullable=True
2026-03-06 03:45:08,983 - app - INFO - Modificando columna 'payload' en `system_logs`: tipo=TEXT, nullable=True
2026-03-06 03:45:09,079 - app - INFO - Modificando columna 'response' en `system_logs`: tipo=TEXT, nullable=True
2026-03-06 03:45:09,160 - app - INFO - Modificando columna 'user_agent' en `system_logs`: tipo=TEXT, nullable=True
2026-03-06 03:45:09,242 - app - INFO - Checking for seed data...
2026-03-06 03:45:09,259 - app - INFO - Database Initialized
2026-03-06 03:45:44,541 - app - INFO - Key: sesamo, URI: mysql+pymysql://root:johansSwq21321*@127.0.0.1:3307/sesamo
2026-03-06 03:45:58,067 - passlib.handlers.bcrypt - WARNING - (trapped) error reading bcrypt version
Traceback (most recent call last):
  File "/Users/johanrodriguez/Documents/sesamoBack/.venv/lib/python3.12/site-packages/passlib/handlers/bcrypt.py", line 620, in _load_backend_mixin
    version = _bcrypt.__about__.__version__
              ^^^^^^^^^^^^^^^^^
AttributeError: module 'bcrypt' has no attribute '__about__'
2026-03-06 03:45:58,068 - passlib.handlers.bcrypt - DEBUG - detected 'bcrypt' backend, version '<unknown>'
2026-03-06 03:45:58,068 - passlib.handlers.bcrypt - DEBUG - 'bcrypt' backend lacks $2$ support, enabling workaround
2026-03-06 03:47:20,692 - app - INFO - Key: sesamo, URI: mysql+pymysql://root:johansSwq21321*@127.0.0.1:3307/sesamo
2026-03-06 03:47:46,065 - app - INFO - Initializing Database
2026-03-06 03:47:46,142 - app - INFO - Modificando columna 'question_text' en `questions`: tipo=TEXT, nullable=True
2026-03-06 03:47:46,197 - app - INFO - Modificando columna 'answer' en `answer_options`: tipo=TEXT, nullable=True
2026-03-06 03:47:46,226 - app - INFO - Modificando columna 'is_correct' en `answer_options`: tipo=BOOL, nullable=True
2026-03-06 03:47:46,261 - app - INFO - Modificando columna 'answers' en `user_responses`: tipo=TEXT, nullable=True
2026-03-06 03:47:46,323 - app - INFO - Modificando columna 'payload' en `system_logs`: tipo=TEXT, nullable=True
2026-03-06 03:47:46,371 - app - INFO - Modificando columna 'response' en `system_logs`: tipo=TEXT, nullable=True
2026-03-06 03:47:46,416 - app - INFO - Modificando columna 'user_agent' en `system_logs`: tipo=TEXT, nullable=True
2026-03-06 03:47:46,460 - app - INFO - Checking for seed data...
2026-03-06 03:47:46,487 - app - INFO - Database Initialized
2026-03-06 03:47:46,868 - app - INFO - Initializing Database
2026-03-06 03:47:46,911 - app - INFO - Modificando columna 'question_text' en `questions`: tipo=TEXT, nullable=True
2026-03-06 03:47:46,953 - app - INFO - Modificando columna 'answer' en `answer_options`: tipo=TEXT, nullable=True
2026-03-06 03:47:46,990 - app - INFO - Modificando columna 'is_correct' en `answer_options`: tipo=BOOL, nullable=True
2026-03-06 03:47:47,028 - app - INFO - Modificando columna 'answers' en `user_responses`: tipo=TEXT, nullable=True
2026-03-06 03:47:47,068 - app - INFO - Modificando columna 'payload' en `system_logs`: tipo=TEXT, nullable=True
2026-03-06 03:47:47,123 - app - INFO - Modificando columna 'response' en `system_logs`: tipo=TEXT, nullable=True
2026-03-06 03:47:47,162 - app - INFO - Modificando columna 'user_agent' en `system_logs`: tipo=TEXT, nullable=True
2026-03-06 03:47:47,201 - app - INFO - Checking for seed data...
2026-03-06 03:47:47,220 - app - INFO - Database Initialized
2026-03-06 03:48:44,894 - app - INFO - Initializing Database
2026-03-06 03:48:44,949 - app - INFO - Modificando columna 'question_text' en `questions`: tipo=TEXT, nullable=True
2026-03-06 03:48:45,008 - app - INFO - Modificando columna 'answer' en `answer_options`: tipo=TEXT, nullable=True
2026-03-06 03:48:45,047 - app - INFO - Modificando columna 'is_correct' en `answer_options`: tipo=BOOL, nullable=True
2026-03-06 03:48:45,086 - app - INFO - Modificando columna 'answers' en `user_responses`: tipo=TEXT, nullable=True
2026-03-06 03:48:45,134 - app - INFO - Modificando columna 'payload' en `system_logs`: tipo=TEXT, nullable=True
2026-03-06 03:48:45,179 - app - INFO - Modificando columna 'response' en `system_logs`: tipo=TEXT, nullable=True
2026-03-06 03:48:45,220 - app - INFO - Modificando columna 'user_agent' en `system_logs`: tipo=TEXT, nullable=True
2026-03-06 03:48:45,252 - app - INFO - Checking for seed data...
2026-03-06 03:48:45,269 - app - INFO - Database Initialized
2026-03-06 03:49:05,457 - app - INFO - Initializing Database
2026-03-06 03:49:08,131 - app - INFO - Modificando columna 'question_text' en `questions`: tipo=TEXT, nullable=True
2026-03-06 03:49:08,182 - app - INFO - Modificando columna 'answer' en `answer_options`: tipo=TEXT, nullable=True
2026-03-06 03:49:08,230 - app - INFO - Modificando columna 'is_correct' en `answer_options`: tipo=BOOL, nullable=True
2026-03-06 03:49:08,273 - app - INFO - Modificando columna 'answers' en `user_responses`: tipo=TEXT, nullable=True
2026-03-06 03:49:08,311 - app - INFO - Modificando columna 'payload' en `system_logs`: tipo=TEXT, nullable=True
2026-03-06 03:49:08,350 - app - INFO - Modificando columna 'response' en `system_logs`: tipo=TEXT, nullable=True
2026-03-06 03:49:08,390 - app - INFO - Modificando columna 'user_agent' en `system_logs`: tipo=TEXT, nullable=True
2026-03-06 03:49:08,431 - app - INFO - Checking for seed data...
2026-03-06 03:49:08,449 - app - INFO - Seeding Roles...
2026-03-06 03:49:08,496 - app - INFO - Roles seeded successfully.
2026-03-06 03:49:08,500 - app - INFO - Seeding Schools...
2026-03-06 03:49:08,538 - app - INFO - Schools seeded successfully.
2026-03-06 03:49:08,541 - app - INFO - Seeding Categories...
2026-03-06 03:49:08,576 - app - INFO - Categories seeded successfully.
2026-03-06 03:49:08,579 - app - INFO - Seeding Users...
2026-03-06 03:49:08,954 - app - INFO - Users seeded successfully.
2026-03-06 03:49:08,956 - app - INFO - Seeding Questionnaires...
2026-03-06 03:49:08,977 - app - INFO - Questionnaire seeded successfully.
2026-03-06 03:49:08,977 - app - INFO - Seeding Questions...
2026-03-06 03:49:09,001 - app - INFO - Seeding Answer Options...
2026-03-06 03:49:09,029 - app - INFO - Questions and Answers seeded successfully.
2026-03-06 03:49:09,030 - app - INFO - Database Initialized
2026-03-06 03:49:42,958 - app - INFO - Key: sesamo, URI: mysql+pymysql://root:johansSwq21321*@127.0.0.1:3307/sesamo
2026-03-06 03:51:06,094 - app - INFO - Initializing Database
2026-03-06 03:51:06,154 - app - INFO - Modificando columna 'question_text' en `questions`: tipo=TEXT, nullable=True
2026-03-06 03:51:06,203 - app - INFO - Modificando columna 'answer' en `answer_options`: tipo=TEXT, nullable=True
2026-03-06 03:51:06,240 - app - INFO - Modificando columna 'is_correct' en `answer_options`: tipo=BOOL, nullable=True
2026-03-06 03:51:06,300 - app - INFO - Modificando columna 'answers' en `user_responses`: tipo=TEXT, nullable=True
2026-03-06 03:51:06,354 - app - INFO - Modificando columna 'payload' en `system_logs`: tipo=TEXT, nullable=True
2026-03-06 03:51:06,399 - app - INFO - Modificando columna 'response' en `system_logs`: tipo=TEXT, nullable=True
2026-03-06 03:51:06,443 - app - INFO - Modificando columna 'user_agent' en `system_logs`: tipo=TEXT, nullable=True
2026-03-06 03:51:06,488 - app - INFO - Checking for seed data...
2026-03-06 03:51:06,515 - app - INFO - Database Initialized
2026-03-06 03:51:08,932 - app - INFO - Initializing Database
2026-03-06 03:51:08,975 - app - INFO - Modificando columna 'question_text' en `questions`: tipo=TEXT, nullable=True
2026-03-06 03:51:09,018 - app - INFO - Modificando columna 'answer' en `answer_options`: tipo=TEXT, nullable=True
2026-03-06 03:51:09,064 - app - INFO - Modificando columna 'is_correct' en `answer_options`: tipo=BOOL, nullable=True
2026-03-06 03:51:09,185 - app - INFO - Modificando columna 'answers' en `user_responses`: tipo=TEXT, nullable=True
2026-03-06 03:51:09,222 - app - INFO - Modificando columna 'payload' en `system_logs`: tipo=TEXT, nullable=True
2026-03-06 03:51:09,277 - app - INFO - Modificando columna 'response' en `system_logs`: tipo=TEXT, nullable=True
2026-03-06 03:51:09,318 - app - INFO - Modificando columna 'user_agent' en `system_logs`: tipo=TEXT, nullable=True
2026-03-06 03:51:09,363 - app - INFO - Checking for seed data...
2026-03-06 03:51:09,394 - app - INFO - Database Initialized
2026-03-06 03:52:21,286 - app - INFO - Initializing Database
2026-03-06 03:52:21,362 - app - INFO - Modificando columna 'question_text' en `questions`: tipo=TEXT, nullable=True
2026-03-06 03:52:21,413 - app - INFO - Modificando columna 'answer' en `answer_options`: tipo=TEXT, nullable=True
2026-03-06 03:52:21,447 - app - INFO - Modificando columna 'is_correct' en `answer_options`: tipo=BOOL, nullable=True
2026-03-06 03:52:21,492 - app - INFO - Modificando columna 'answers' en `user_responses`: tipo=TEXT, nullable=True
2026-03-06 03:52:21,539 - app - INFO - Modificando columna 'payload' en `system_logs`: tipo=TEXT, nullable=True
2026-03-06 03:52:21,585 - app - INFO - Modificando columna 'response' en `system_logs`: tipo=TEXT, nullable=True
2026-03-06 03:52:21,629 - app - INFO - Modificando columna 'user_agent' en `system_logs`: tipo=TEXT, nullable=True
2026-03-06 03:52:21,676 - app - INFO - Checking for seed data...
2026-03-06 03:52:21,707 - app - INFO - Database Initialized
2026-03-06 03:52:50,021 - app - INFO - Initializing Database
2026-03-06 03:52:50,062 - app - INFO - Modificando columna 'question_text' en `questions`: tipo=TEXT, nullable=True
2026-03-06 03:52:50,102 - app - INFO - Modificando columna 'answer' en `answer_options`: tipo=TEXT, nullable=True
2026-03-06 03:52:50,138 - app - INFO - Modificando columna 'is_correct' en `answer_options`: tipo=BOOL, nullable=True
2026-03-06 03:52:50,175 - app - INFO - Modificando columna 'answers' en `user_responses`: tipo=TEXT, nullable=True
2026-03-06 03:52:50,214 - app - INFO - Modificando columna 'payload' en `system_logs`: tipo=TEXT, nullable=True
2026-03-06 03:52:50,250 - app - INFO - Modificando columna 'response' en `system_logs`: tipo=TEXT, nullable=True
2026-03-06 03:52:50,293 - app - INFO - Modificando columna 'user_agent' en `system_logs`: tipo=TEXT, nullable=True
2026-03-06 03:52:50,331 - app - INFO - Checking for seed data...
2026-03-06 03:52:50,343 - app - INFO - Database Initialized
2026-03-06 03:52:59,894 - app - INFO - Key: sesamo, URI: mysql+pymysql://root:johansSwq21321*@127.0.0.1:3307/sesamo
2026-03-06 03:53:00,127 - app - INFO - start saving SystemLogs
2026-03-06 03:53:00,165 - app - INFO - finishing saving SystemLogs
2026-03-06 03:53:37,896 - app - INFO - Initializing Database
2026-03-06 03:53:37,948 - app - INFO - Modificando columna 'question_text' en `questions`: tipo=TEXT, nullable=True
2026-03-06 03:53:38,003 - app - INFO - Modificando columna 'answer' en `answer_options`: tipo=TEXT, nullable=True
2026-03-06 03:53:38,039 - app - INFO - Modificando columna 'is_correct' en `answer_options`: tipo=BOOL, nullable=True
2026-03-06 03:53:38,100 - app - INFO - Modificando columna 'answers' en `user_responses`: tipo=TEXT, nullable=True
2026-03-06 03:53:38,136 - app - INFO - Modificando columna 'payload' en `system_logs`: tipo=TEXT, nullable=True
2026-03-06 03:53:38,184 - app - INFO - Modificando columna 'response' en `system_logs`: tipo=TEXT, nullable=True
2026-03-06 03:53:38,217 - app - INFO - Modificando columna 'user_agent' en `system_logs`: tipo=TEXT, nullable=True
2026-03-06 03:53:38,254 - app - INFO - Checking for seed data...
2026-03-06 03:53:38,275 - app - INFO - Database Initialized
2026-03-06 03:54:02,370 - app - INFO - Initializing Database
2026-03-06 03:54:02,418 - app - INFO - Modificando columna 'question_text' en `questions`: tipo=TEXT, nullable=True
2026-03-06 03:54:02,455 - app - INFO - Modificando columna 'answer' en `answer_options`: tipo=TEXT, nullable=True
2026-03-06 03:54:02,490 - app - INFO - Modificando columna 'is_correct' en `answer_options`: tipo=BOOL, nullable=True
2026-03-06 03:54:02,576 - app - INFO - Modificando columna 'answers' en `user_responses`: tipo=TEXT, nullable=True
2026-03-06 03:54:02,648 - app - INFO - Modificando columna 'payload' en `system_logs`: tipo=TEXT, nullable=True
2026-03-06 03:54:02,684 - app - INFO - Modificando columna 'response' en `system_logs`: tipo=TEXT, nullable=True
2026-03-06 03:54:02,718 - app - INFO - Modificando columna 'user_agent' en `system_logs`: tipo=TEXT, nullable=True
2026-03-06 03:54:02,765 - app - INFO - Checking for seed data...
2026-03-06 03:54:02,784 - app - INFO - Database Initialized
2026-03-06 03:54:09,536 - app - INFO - Key: sesamo, URI: mysql+pymysql://root:johansSwq21321*@127.0.0.1:3307/sesamo
2026-03-06 03:55:27,455 - app - INFO - Initializing Database
2026-03-06 03:55:27,509 - app - INFO - Modificando columna 'question_text' en `questions`: tipo=TEXT, nullable=True
2026-03-06 03:55:27,558 - app - INFO - Modificando columna 'answer' en `answer_options`: tipo=TEXT, nullable=True
2026-03-06 03:55:27,606 - app - INFO - Modificando columna 'is_correct' en `answer_options`: tipo=BOOL, nullable=True
2026-03-06 03:55:27,650 - app - INFO - Modificando columna 'answers' en `user_responses`: tipo=TEXT, nullable=True
2026-03-06 03:55:27,689 - app - INFO - Modificando columna 'payload' en `system_logs`: tipo=TEXT, nullable=True
2026-03-06 03:55:27,743 - app - INFO - Modificando columna 'response' en `system_logs`: tipo=TEXT, nullable=True
2026-03-06 03:55:27,822 - app - INFO - Modificando columna 'user_agent' en `system_logs`: tipo=TEXT, nullable=True
2026-03-06 03:55:27,902 - app - INFO - Checking for seed data...
2026-03-06 03:55:27,925 - app - INFO - Database Initialized
2026-03-06 03:55:51,015 - app - INFO - Initializing Database
2026-03-06 03:55:51,062 - app - INFO - Modificando columna 'question_text' en `questions`: tipo=TEXT, nullable=True
2026-03-06 03:55:51,110 - app - INFO - Modificando columna 'answer' en `answer_options`: tipo=TEXT, nullable=True
2026-03-06 03:55:51,149 - app - INFO - Modificando columna 'is_correct' en `answer_options`: tipo=BOOL, nullable=True
2026-03-06 03:55:51,199 - app - INFO - Modificando columna 'answers' en `user_responses`: tipo=TEXT, nullable=True
2026-03-06 03:55:51,239 - app - INFO - Modificando columna 'payload' en `system_logs`: tipo=TEXT, nullable=True
2026-03-06 03:55:51,278 - app - INFO - Modificando columna 'response' en `system_logs`: tipo=TEXT, nullable=True
2026-03-06 03:55:51,318 - app - INFO - Modificando columna 'user_agent' en `system_logs`: tipo=TEXT, nullable=True
2026-03-06 03:55:51,358 - app - INFO - Checking for seed data...
2026-03-06 03:55:51,388 - app - INFO - Database Initialized
2026-03-06 03:55:52,571 - app - INFO - Initializing Database
2026-03-06 03:55:52,609 - app - INFO - Modificando columna 'question_text' en `questions`: tipo=TEXT, nullable=True
2026-03-06 03:55:52,649 - app - INFO - Modificando columna 'answer' en `answer_options`: tipo=TEXT, nullable=True
2026-03-06 03:55:52,697 - app - INFO - Modificando columna 'is_correct' en `answer_options`: tipo=BOOL, nullable=True
2026-03-06 03:55:52,735 - app - INFO - Modificando columna 'answers' en `user_responses`: tipo=TEXT, nullable=True
2026-03-06 03:55:52,771 - app - INFO - Modificando columna 'payload' en `system_logs`: tipo=TEXT, nullable=True
2026-03-06 03:55:52,815 - app - INFO - Modificando columna 'response' en `system_logs`: tipo=TEXT, nullable=True
2026-03-06 03:55:52,872 - app - INFO - Modificando columna 'user_agent' en `system_logs`: tipo=TEXT, nullable=True
2026-03-06 03:55:52,939 - app - INFO - Checking for seed data...
2026-03-06 03:55:52,954 - app - INFO - Database Initialized
2026-03-06 03:55:53,659 - app - INFO - Initializing Database
2026-03-06 03:55:53,696 - app - INFO - Modificando columna 'question_text' en `questions`: tipo=TEXT, nullable=True
2026-03-06 03:55:53,733 - app - INFO - Modificando columna 'answer' en `answer_options`: tipo=TEXT, nullable=True
2026-03-06 03:55:53,768 - app - INFO - Modificando columna 'is_correct' en `answer_options`: tipo=BOOL, nullable=True
2026-03-06 03:55:53,804 - app - INFO - Modificando columna 'answers' en `user_responses`: tipo=TEXT, nullable=True
2026-03-06 03:55:53,854 - app - INFO - Modificando columna 'payload' en `system_logs`: tipo=TEXT, nullable=True
2026-03-06 03:55:53,895 - app - INFO - Modificando columna 'response' en `system_logs`: tipo=TEXT, nullable=True
2026-03-06 03:55:53,938 - app - INFO - Modificando columna 'user_agent' en `system_logs`: tipo=TEXT, nullable=True
2026-03-06 03:55:53,976 - app - INFO - Checking for seed data...
2026-03-06 03:55:53,989 - app - INFO - Database Initialized
2026-03-06 03:56:01,543 - app - INFO - Initializing Database
2026-03-06 03:56:01,586 - app - INFO - Modificando columna 'question_text' en `questions`: tipo=TEXT, nullable=True
2026-03-06 03:56:01,633 - app - INFO - Modificando columna 'answer' en `answer_options`: tipo=TEXT, nullable=True
2026-03-06 03:56:01,681 - app - INFO - Modificando columna 'is_correct' en `answer_options`: tipo=BOOL, nullable=True
2026-03-06 03:56:01,721 - app - INFO - Modificando columna 'answers' en `user_responses`: tipo=TEXT, nullable=True
2026-03-06 03:56:01,766 - app - INFO - Modificando columna 'payload' en `system_logs`: tipo=TEXT, nullable=True
2026-03-06 03:56:01,820 - app - INFO - Modificando columna 'response' en `system_logs`: tipo=TEXT, nullable=True
2026-03-06 03:56:01,859 - app - INFO - Modificando columna 'user_agent' en `system_logs`: tipo=TEXT, nullable=True
2026-03-06 03:56:01,951 - app - INFO - Checking for seed data...
2026-03-06 03:56:01,979 - app - INFO - Database Initialized
2026-03-06 03:56:02,374 - app - INFO - Initializing Database
2026-03-06 03:56:02,411 - app - INFO - Modificando columna 'question_text' en `questions`: tipo=TEXT, nullable=True
2026-03-06 03:56:02,458 - app - INFO - Modificando columna 'answer' en `answer_options`: tipo=TEXT, nullable=True
2026-03-06 03:56:02,499 - app - INFO - Modificando columna 'is_correct' en `answer_options`: tipo=BOOL, nullable=True
2026-03-06 03:56:02,542 - app - INFO - Modificando columna 'answers' en `user_responses`: tipo=TEXT, nullable=True
2026-03-06 03:56:02,595 - app - INFO - Modificando columna 'payload' en `system_logs`: tipo=TEXT, nullable=True
2026-03-06 03:56:02,675 - app - INFO - Modificando columna 'response' en `system_logs`: tipo=TEXT, nullable=True
2026-03-06 03:56:02,724 - app - INFO - Modificando columna 'user_agent' en `system_logs`: tipo=TEXT, nullable=True
2026-03-06 03:56:02,769 - app - INFO - Checking for seed data...
2026-03-06 03:56:02,801 - app - INFO - Database Initialized
2026-03-06 03:56:03,387 - app - INFO - Initializing Database
2026-03-06 03:56:03,427 - app - INFO - Modificando columna 'question_text' en `questions`: tipo=TEXT, nullable=True
2026-03-06 03:56:03,463 - app - INFO - Modificando columna 'answer' en `answer_options`: tipo=TEXT, nullable=True
2026-03-06 03:56:03,498 - app - INFO - Modificando columna 'is_correct' en `answer_options`: tipo=BOOL, nullable=True
2026-03-06 03:56:03,538 - app - INFO - Modificando columna 'answers' en `user_responses`: tipo=TEXT, nullable=True
2026-03-06 03:56:03,588 - app - INFO - Modificando columna 'payload' en `system_logs`: tipo=TEXT, nullable=True
2026-03-06 03:56:03,631 - app - INFO - Modificando columna 'response' en `system_logs`: tipo=TEXT, nullable=True
2026-03-06 03:56:03,683 - app - INFO - Modificando columna 'user_agent' en `system_logs`: tipo=TEXT, nullable=True
2026-03-06 03:56:03,718 - app - INFO - Checking for seed data...
2026-03-06 03:56:03,733 - app - INFO - Database Initialized
2026-03-06 03:56:05,938 - app - INFO - Initializing Database
2026-03-06 03:56:05,977 - app - INFO - Modificando columna 'question_text' en `questions`: tipo=TEXT, nullable=True
2026-03-06 03:56:06,019 - app - INFO - Modificando columna 'answer' en `answer_options`: tipo=TEXT, nullable=True
2026-03-06 03:56:06,067 - app - INFO - Modificando columna 'is_correct' en `answer_options`: tipo=BOOL, nullable=True
2026-03-06 03:56:06,108 - app - INFO - Modificando columna 'answers' en `user_responses`: tipo=TEXT, nullable=True
2026-03-06 03:56:06,149 - app - INFO - Modificando columna 'payload' en `system_logs`: tipo=TEXT, nullable=True
2026-03-06 03:56:06,187 - app - INFO - Modificando columna 'response' en `system_logs`: tipo=TEXT, nullable=True
2026-03-06 03:56:06,232 - app - INFO - Modificando columna 'user_agent' en `system_logs`: tipo=TEXT, nullable=True
2026-03-06 03:56:06,297 - app - INFO - Checking for seed data...
2026-03-06 03:56:06,330 - app - INFO - Database Initialized
2026-03-06 03:56:06,926 - app - INFO - Initializing Database
2026-03-06 03:56:06,963 - app - INFO - Modificando columna 'question_text' en `questions`: tipo=TEXT, nullable=True
2026-03-06 03:56:07,011 - app - INFO - Modificando columna 'answer' en `answer_options`: tipo=TEXT, nullable=True
2026-03-06 03:56:07,058 - app - INFO - Modificando columna 'is_correct' en `answer_options`: tipo=BOOL, nullable=True
2026-03-06 03:56:07,091 - app - INFO - Modificando columna 'answers' en `user_responses`: tipo=TEXT, nullable=True
2026-03-06 03:56:07,128 - app - INFO - Modificando columna 'payload' en `system_logs`: tipo=TEXT, nullable=True
2026-03-06 03:56:07,173 - app - INFO - Modificando columna 'response' en `system_logs`: tipo=TEXT, nullable=True
2026-03-06 03:56:07,217 - app - INFO - Modificando columna 'user_agent' en `system_logs`: tipo=TEXT, nullable=True
2026-03-06 03:56:07,271 - app - INFO - Checking for seed data...
2026-03-06 03:56:07,286 - app - INFO - Database Initialized
2026-03-06 03:56:07,973 - app - INFO - Initializing Database
2026-03-06 03:56:08,008 - app - INFO - Modificando columna 'question_text' en `questions`: tipo=TEXT, nullable=True
2026-03-06 03:56:08,051 - app - INFO - Modificando columna 'answer' en `answer_options`: tipo=TEXT, nullable=True
2026-03-06 03:56:08,088 - app - INFO - Modificando columna 'is_correct' en `answer_options`: tipo=BOOL, nullable=True
2026-03-06 03:56:08,126 - app - INFO - Modificando columna 'answers' en `user_responses`: tipo=TEXT, nullable=True
2026-03-06 03:56:08,165 - app - INFO - Modificando columna 'payload' en `system_logs`: tipo=TEXT, nullable=True
2026-03-06 03:56:08,200 - app - INFO - Modificando columna 'response' en `system_logs`: tipo=TEXT, nullable=True
2026-03-06 03:56:08,241 - app - INFO - Modificando columna 'user_agent' en `system_logs`: tipo=TEXT, nullable=True
2026-03-06 03:56:08,280 - app - INFO - Checking for seed data...
2026-03-06 03:56:08,298 - app - INFO - Database Initialized
2026-03-06 03:56:09,355 - app - INFO - Initializing Database
2026-03-06 03:56:09,403 - app - INFO - Modificando columna 'question_text' en `questions`: tipo=TEXT, nullable=True
2026-03-06 03:56:09,457 - app - INFO - Modificando columna 'answer' en `answer_options`: tipo=TEXT, nullable=True
2026-03-06 03:56:09,518 - app - INFO - Modificando columna 'is_correct' en `answer_options`: tipo=BOOL, nullable=True
2026-03-06 03:56:09,554 - app - INFO - Modificando columna 'answers' en `user_responses`: tipo=TEXT, nullable=True
2026-03-06 03:56:09,587 - app - INFO - Modificando columna 'payload' en `system_logs`: tipo=TEXT, nullable=True
2026-03-06 03:56:09,630 - app - INFO - Modificando columna 'response' en `system_logs`: tipo=TEXT, nullable=True
2026-03-06 03:56:09,666 - app - INFO - Modificando columna 'user_agent' en `system_logs`: tipo=TEXT, nullable=True
2026-03-06 03:56:09,699 - app - INFO - Checking for seed data...
2026-03-06 03:56:09,720 - app - INFO - Database Initialized
2026-03-06 03:56:10,301 - app - INFO - Initializing Database
2026-03-06 03:56:10,353 - app - INFO - Modificando columna 'question_text' en `questions`: tipo=TEXT, nullable=True
2026-03-06 03:56:10,396 - app - INFO - Modificando columna 'answer' en `answer_options`: tipo=TEXT, nullable=True
2026-03-06 03:56:10,434 - app - INFO - Modificando columna 'is_correct' en `answer_options`: tipo=BOOL, nullable=True
2026-03-06 03:56:10,483 - app - INFO - Modificando columna 'answers' en `user_responses`: tipo=TEXT, nullable=True
2026-03-06 03:56:10,528 - app - INFO - Modificando columna 'payload' en `system_logs`: tipo=TEXT, nullable=True
2026-03-06 03:56:10,564 - app - INFO - Modificando columna 'response' en `system_logs`: tipo=TEXT, nullable=True
2026-03-06 03:56:10,608 - app - INFO - Modificando columna 'user_agent' en `system_logs`: tipo=TEXT, nullable=True
2026-03-06 03:56:10,644 - app - INFO - Checking for seed data...
2026-03-06 03:56:10,660 - app - INFO - Database Initialized
2026-03-06 03:56:12,868 - app - INFO - Initializing Database
2026-03-06 03:56:12,914 - app - INFO - Modificando columna 'question_text' en `questions`: tipo=TEXT, nullable=True
2026-03-06 03:56:13,032 - app - INFO - Modificando columna 'answer' en `answer_options`: tipo=TEXT, nullable=True
2026-03-06 03:56:13,080 - app - INFO - Modificando columna 'is_correct' en `answer_options`: tipo=BOOL, nullable=True
2026-03-06 03:56:13,129 - app - INFO - Modificando columna 'answers' en `user_responses`: tipo=TEXT, nullable=True
2026-03-06 03:56:13,193 - app - INFO - Modificando columna 'payload' en `system_logs`: tipo=TEXT, nullable=True
2026-03-06 03:56:13,252 - app - INFO - Modificando columna 'response' en `system_logs`: tipo=TEXT, nullable=True
2026-03-06 03:56:13,295 - app - INFO - Modificando columna 'user_agent' en `system_logs`: tipo=TEXT, nullable=True
2026-03-06 03:56:13,356 - app - INFO - Checking for seed data...
2026-03-06 03:56:13,389 - app - INFO - Database Initialized
2026-03-06 04:00:31,899 - app - INFO - Initializing Database
2026-03-06 04:00:32,044 - app - INFO - Modificando columna 'question_text' en `questions`: tipo=TEXT, nullable=True
2026-03-06 04:00:32,106 - app - INFO - Modificando columna 'answer' en `answer_options`: tipo=TEXT, nullable=True
2026-03-06 04:00:32,147 - app - INFO - Modificando columna 'is_correct' en `answer_options`: tipo=BOOL, nullable=True
2026-03-06 04:00:32,183 - app - INFO - Modificando columna 'answers' en `user_responses`: tipo=TEXT, nullable=True
2026-03-06 04:00:32,240 - app - INFO - Modificando columna 'payload' en `system_logs`: tipo=TEXT, nullable=True
2026-03-06 04:00:32,290 - app - INFO - Modificando columna 'response' en `system_logs`: tipo=TEXT, nullable=True
2026-03-06 04:00:32,324 - app - INFO - Modificando columna 'user_agent' en `system_logs`: tipo=TEXT, nullable=True
2026-03-06 04:00:32,371 - app - INFO - Checking for seed data...
2026-03-06 04:00:32,401 - app - INFO - Database Initialized
2026-03-06 04:00:49,300 - app - INFO - Key: sesamo, URI: mysql+pymysql://root:johansSwq21321*@127.0.0.1:3307/sesamo
2026-03-06 04:02:33,418 - app - INFO - Initializing Database
2026-03-06 04:02:33,485 - app - INFO - Modificando columna 'question_text' en `questions`: tipo=TEXT, nullable=True
2026-03-06 04:02:33,544 - app - INFO - Modificando columna 'answer' en `answer_options`: tipo=TEXT, nullable=True
2026-03-06 04:02:33,582 - app - INFO - Modificando columna 'is_correct' en `answer_options`: tipo=BOOL, nullable=True
2026-03-06 04:02:33,621 - app - INFO - Modificando columna 'answers' en `user_responses`: tipo=TEXT, nullable=True
2026-03-06 04:02:33,660 - app - INFO - Modificando columna 'payload' en `system_logs`: tipo=TEXT, nullable=True
2026-03-06 04:02:33,705 - app - INFO - Modificando columna 'response' en `system_logs`: tipo=TEXT, nullable=True
2026-03-06 04:02:33,743 - app - INFO - Modificando columna 'user_agent' en `system_logs`: tipo=TEXT, nullable=True
2026-03-06 04:02:33,786 - app - INFO - Checking for seed data...
2026-03-06 04:02:33,819 - app - INFO - Database Initialized
2026-03-06 04:03:20,357 - app - INFO - Key: sesamo, URI: mysql+pymysql://root:johansSwq21321*@127.0.0.1:3307/sesamo
2026-03-06 04:13:13,823 - app - INFO - Initializing Database
2026-03-06 04:13:13,880 - app - INFO - Modificando columna 'question_text' en `questions`: tipo=TEXT, nullable=True
2026-03-06 04:13:13,927 - app - INFO - Modificando columna 'answer' en `answer_options`: tipo=TEXT, nullable=True
2026-03-06 04:13:13,961 - app - INFO - Modificando columna 'is_correct' en `answer_options`: tipo=BOOL, nullable=True
2026-03-06 04:13:13,996 - app - INFO - Modificando columna 'answers' en `user_responses`: tipo=TEXT, nullable=True
2026-03-06 04:13:14,034 - app - INFO - Modificando columna 'payload' en `system_logs`: tipo=TEXT, nullable=True
2026-03-06 04:13:14,080 - app - INFO - Modificando columna 'response' en `system_logs`: tipo=TEXT, nullable=True
2026-03-06 04:13:14,121 - app - INFO - Modificando columna 'user_agent' en `system_logs`: tipo=TEXT, nullable=True
2026-03-06 04:13:14,163 - app - INFO - Checking for seed data...
2026-03-06 04:13:14,203 - app - INFO - Database Initialized
2026-03-06 04:13:25,460 - app - INFO - Initializing Database
2026-03-06 04:13:25,499 - app - INFO - Modificando columna 'question_text' en `questions`: tipo=TEXT, nullable=True
2026-03-06 04:13:25,545 - app - INFO - Modificando columna 'answer' en `answer_options`: tipo=TEXT, nullable=True
2026-03-06 04:13:25,585 - app - INFO - Modificando columna 'is_correct' en `answer_options`: tipo=BOOL, nullable=True
2026-03-06 04:13:25,625 - app - INFO - Modificando columna 'answers' en `user_responses`: tipo=TEXT, nullable=True
2026-03-06 04:13:25,663 - app - INFO - Modificando columna 'payload' en `system_logs`: tipo=TEXT, nullable=True
2026-03-06 04:13:25,703 - app - INFO - Modificando columna 'response' en `system_logs`: tipo=TEXT, nullable=True
2026-03-06 04:13:25,742 - app - INFO - Modificando columna 'user_agent' en `system_logs`: tipo=TEXT, nullable=True
2026-03-06 04:13:25,784 - app - INFO - Checking for seed data...
2026-03-06 04:13:25,804 - app - INFO - Database Initialized
2026-03-06 04:13:26,714 - app - INFO - Initializing Database
2026-03-06 04:13:26,749 - app - INFO - Modificando columna 'question_text' en `questions`: tipo=TEXT, nullable=True
2026-03-06 04:13:26,788 - app - INFO - Modificando columna 'answer' en `answer_options`: tipo=TEXT, nullable=True
2026-03-06 04:13:26,826 - app - INFO - Modificando columna 'is_correct' en `answer_options`: tipo=BOOL, nullable=True
2026-03-06 04:13:26,901 - app - INFO - Modificando columna 'answers' en `user_responses`: tipo=TEXT, nullable=True
2026-03-06 04:13:26,945 - app - INFO - Modificando columna 'payload' en `system_logs`: tipo=TEXT, nullable=True
2026-03-06 04:13:26,984 - app - INFO - Modificando columna 'response' en `system_logs`: tipo=TEXT, nullable=True
2026-03-06 04:13:27,037 - app - INFO - Modificando columna 'user_agent' en `system_logs`: tipo=TEXT, nullable=True
2026-03-06 04:13:27,081 - app - INFO - Checking for seed data...
2026-03-06 04:13:27,115 - app - INFO - Database Initialized
2026-03-06 04:13:28,431 - app - INFO - Initializing Database
2026-03-06 04:13:28,472 - app - INFO - Modificando columna 'question_text' en `questions`: tipo=TEXT, nullable=True
2026-03-06 04:13:28,521 - app - INFO - Modificando columna 'answer' en `answer_options`: tipo=TEXT, nullable=True
2026-03-06 04:13:28,564 - app - INFO - Modificando columna 'is_correct' en `answer_options`: tipo=BOOL, nullable=True
2026-03-06 04:13:28,599 - app - INFO - Modificando columna 'answers' en `user_responses`: tipo=TEXT, nullable=True
2026-03-06 04:13:28,633 - app - INFO - Modificando columna 'payload' en `system_logs`: tipo=TEXT, nullable=True
2026-03-06 04:13:28,669 - app - INFO - Modificando columna 'response' en `system_logs`: tipo=TEXT, nullable=True
2026-03-06 04:13:28,722 - app - INFO - Modificando columna 'user_agent' en `system_logs`: tipo=TEXT, nullable=True
2026-03-06 04:13:28,759 - app - INFO - Checking for seed data...
2026-03-06 04:13:28,773 - app - INFO - Database Initialized
2026-03-06 04:13:29,690 - app - INFO - Key: sesamo, URI: mysql+pymysql://root:johansSwq21321*@127.0.0.1:3307/sesamo
2026-03-06 04:14:09,724 - app - INFO - Initializing Database
2026-03-06 04:14:09,775 - app - INFO - Modificando columna 'question_text' en `questions`: tipo=TEXT, nullable=True
2026-03-06 04:14:09,824 - app - INFO - Modificando columna 'answer' en `answer_options`: tipo=TEXT, nullable=True
2026-03-06 04:14:09,861 - app - INFO - Modificando columna 'is_correct' en `answer_options`: tipo=BOOL, nullable=True
2026-03-06 04:14:09,905 - app - INFO - Modificando columna 'answers' en `user_responses`: tipo=TEXT, nullable=True
2026-03-06 04:14:10,054 - app - INFO - Modificando columna 'payload' en `system_logs`: tipo=TEXT, nullable=True
2026-03-06 04:14:10,094 - app - INFO - Modificando columna 'response' en `system_logs`: tipo=TEXT, nullable=True
2026-03-06 04:14:10,133 - app - INFO - Modificando columna 'user_agent' en `system_logs`: tipo=TEXT, nullable=True
2026-03-06 04:14:10,175 - app - INFO - Checking for seed data...
2026-03-06 04:14:10,200 - app - INFO - Database Initialized
2026-03-06 04:14:27,343 - app - INFO - Key: sesamo, URI: mysql+pymysql://root:johansSwq21321*@127.0.0.1:3307/sesamo
2026-03-06 04:23:43,330 - app - INFO - Initializing Database
2026-03-06 04:23:43,400 - app - INFO - Modificando columna 'question_text' en `questions`: tipo=TEXT, nullable=True
2026-03-06 04:23:43,465 - app - INFO - Modificando columna 'answer' en `answer_options`: tipo=TEXT, nullable=True
2026-03-06 04:23:43,502 - app - INFO - Modificando columna 'is_correct' en `answer_options`: tipo=BOOL, nullable=True
2026-03-06 04:23:43,555 - app - INFO - Modificando columna 'answers' en `user_responses`: tipo=TEXT, nullable=True
2026-03-06 04:23:43,661 - app - INFO - Modificando columna 'payload' en `system_logs`: tipo=TEXT, nullable=True
2026-03-06 04:23:43,727 - app - INFO - Modificando columna 'response' en `system_logs`: tipo=TEXT, nullable=True
2026-03-06 04:23:43,769 - app - INFO - Modificando columna 'user_agent' en `system_logs`: tipo=TEXT, nullable=True
2026-03-06 04:23:43,823 - app - INFO - Checking for seed data...
2026-03-06 04:23:43,841 - app - INFO - Database Initialized
2026-03-06 04:23:47,966 - app - INFO - Initializing Database
2026-03-06 04:23:48,016 - app - INFO - Modificando columna 'question_text' en `questions`: tipo=TEXT, nullable=True
2026-03-06 04:23:48,065 - app - INFO - Modificando columna 'answer' en `answer_options`: tipo=TEXT, nullable=True
2026-03-06 04:23:48,102 - app - INFO - Modificando columna 'is_correct' en `answer_options`: tipo=BOOL, nullable=True
2026-03-06 04:23:48,138 - app - INFO - Modificando columna 'answers' en `user_responses`: tipo=TEXT, nullable=True
2026-03-06 04:23:48,174 - app - INFO - Modificando columna 'payload' en `system_logs`: tipo=TEXT, nullable=True
2026-03-06 04:23:48,213 - app - INFO - Modificando columna 'response' en `system_logs`: tipo=TEXT, nullable=True
2026-03-06 04:23:48,258 - app - INFO - Modificando columna 'user_agent' en `system_logs`: tipo=TEXT, nullable=True
2026-03-06 04:23:48,297 - app - INFO - Checking for seed data...
2026-03-06 04:23:48,314 - app - INFO - Database Initialized
2026-03-06 04:24:33,727 - app - INFO - Initializing Database
2026-03-06 04:24:33,788 - app - INFO - Modificando columna 'question_text' en `questions`: tipo=TEXT, nullable=True
2026-03-06 04:24:33,847 - app - INFO - Modificando columna 'answer' en `answer_options`: tipo=TEXT, nullable=True
2026-03-06 04:24:33,882 - app - INFO - Modificando columna 'is_correct' en `answer_options`: tipo=BOOL, nullable=True
2026-03-06 04:24:33,927 - app - INFO - Modificando columna 'answers' en `user_responses`: tipo=TEXT, nullable=True
2026-03-06 04:24:33,968 - app - INFO - Modificando columna 'payload' en `system_logs`: tipo=TEXT, nullable=True
2026-03-06 04:24:34,011 - app - INFO - Modificando columna 'response' en `system_logs`: tipo=TEXT, nullable=True
2026-03-06 04:24:34,055 - app - INFO - Modificando columna 'user_agent' en `system_logs`: tipo=TEXT, nullable=True
2026-03-06 04:24:34,088 - app - INFO - Checking for seed data...
2026-03-06 04:24:34,109 - app - INFO - Database Initialized
2026-03-06 04:26:12,651 - app - INFO - Initializing Database
2026-03-06 04:26:12,753 - app - INFO - Modificando columna 'question_text' en `questions`: tipo=TEXT, nullable=True
2026-03-06 04:26:12,798 - app - INFO - Modificando columna 'answer' en `answer_options`: tipo=TEXT, nullable=True
2026-03-06 04:26:12,829 - app - INFO - Modificando columna 'is_correct' en `answer_options`: tipo=BOOL, nullable=True
2026-03-06 04:26:12,864 - app - INFO - Modificando columna 'answers' en `user_responses`: tipo=TEXT, nullable=True
2026-03-06 04:26:12,916 - app - INFO - Modificando columna 'payload' en `system_logs`: tipo=TEXT, nullable=True
2026-03-06 04:26:12,973 - app - INFO - Modificando columna 'response' en `system_logs`: tipo=TEXT, nullable=True
2026-03-06 04:26:13,041 - app - INFO - Modificando columna 'user_agent' en `system_logs`: tipo=TEXT, nullable=True
2026-03-06 04:26:13,106 - app - INFO - Checking for seed data...
2026-03-06 04:26:13,120 - app - INFO - Database Initialized
2026-03-06 04:26:22,706 - app - INFO - Initializing Database
2026-03-06 04:26:22,743 - app - INFO - Modificando columna 'question_text' en `questions`: tipo=TEXT, nullable=True
2026-03-06 04:26:22,782 - app - INFO - Modificando columna 'answer' en `answer_options`: tipo=TEXT, nullable=True
2026-03-06 04:26:22,824 - app - INFO - Modificando columna 'is_correct' en `answer_options`: tipo=BOOL, nullable=True
2026-03-06 04:26:22,857 - app - INFO - Modificando columna 'answers' en `user_responses`: tipo=TEXT, nullable=True
2026-03-06 04:26:22,892 - app - INFO - Modificando columna 'payload' en `system_logs`: tipo=TEXT, nullable=True
2026-03-06 04:26:22,948 - app - INFO - Modificando columna 'response' en `system_logs`: tipo=TEXT, nullable=True
2026-03-06 04:26:23,022 - app - INFO - Modificando columna 'user_agent' en `system_logs`: tipo=TEXT, nullable=True
2026-03-06 04:26:23,124 - app - INFO - Checking for seed data...
2026-03-06 04:26:23,168 - app - INFO - Database Initialized
2026-03-06 04:26:26,137 - app - INFO - Initializing Database
2026-03-06 04:26:26,169 - app - INFO - Modificando columna 'question_text' en `questions`: tipo=TEXT, nullable=True
2026-03-06 04:26:26,219 - app - INFO - Modificando columna 'answer' en `answer_options`: tipo=TEXT, nullable=True
2026-03-06 04:26:26,272 - app - INFO - Modificando columna 'is_correct' en `answer_options`: tipo=BOOL, nullable=True
2026-03-06 04:26:26,312 - app - INFO - Modificando columna 'answers' en `user_responses`: tipo=TEXT, nullable=True
2026-03-06 04:26:26,351 - app - INFO - Modificando columna 'payload' en `system_logs`: tipo=TEXT, nullable=True
2026-03-06 04:26:26,395 - app - INFO - Modificando columna 'response' en `system_logs`: tipo=TEXT, nullable=True
2026-03-06 04:26:26,436 - app - INFO - Modificando columna 'user_agent' en `system_logs`: tipo=TEXT, nullable=True
2026-03-06 04:26:26,544 - app - INFO - Checking for seed data...
2026-03-06 04:26:26,574 - app - INFO - Database Initialized
2026-03-06 04:26:44,694 - app - INFO - Initializing Database
2026-03-06 04:26:44,760 - app - INFO - Modificando columna 'question_text' en `questions`: tipo=TEXT, nullable=True
2026-03-06 04:26:44,799 - app - INFO - Modificando columna 'answer' en `answer_options`: tipo=TEXT, nullable=True
2026-03-06 04:26:44,829 - app - INFO - Modificando columna 'is_correct' en `answer_options`: tipo=BOOL, nullable=True
2026-03-06 04:26:44,864 - app - INFO - Modificando columna 'answers' en `user_responses`: tipo=TEXT, nullable=True
2026-03-06 04:26:44,908 - app - INFO - Modificando columna 'payload' en `system_logs`: tipo=TEXT, nullable=True
2026-03-06 04:26:44,944 - app - INFO - Modificando columna 'response' en `system_logs`: tipo=TEXT, nullable=True
2026-03-06 04:26:44,980 - app - INFO - Modificando columna 'user_agent' en `system_logs`: tipo=TEXT, nullable=True
2026-03-06 04:26:45,052 - app - INFO - Checking for seed data...
2026-03-06 04:26:45,073 - app - INFO - Database Initialized
2026-03-06 04:27:01,051 - app - INFO - Key: sesamo, URI: mysql+pymysql://root:johansSwq21321*@127.0.0.1:3307/sesamo
2026-03-06 04:29:11,939 - app - INFO - Initializing Database
2026-03-06 04:29:12,013 - app - INFO - Modificando columna 'question_text' en `questions`: tipo=TEXT, nullable=True
2026-03-06 04:29:12,087 - app - INFO - Modificando columna 'answer' en `answer_options`: tipo=TEXT, nullable=True
2026-03-06 04:29:12,124 - app - INFO - Modificando columna 'is_correct' en `answer_options`: tipo=BOOL, nullable=True
2026-03-06 04:29:12,170 - app - INFO - Modificando columna 'answers' en `user_responses`: tipo=TEXT, nullable=True
2026-03-06 04:29:12,222 - app - INFO - Modificando columna 'payload' en `system_logs`: tipo=TEXT, nullable=True
2026-03-06 04:29:12,269 - app - INFO - Modificando columna 'response' en `system_logs`: tipo=TEXT, nullable=True
2026-03-06 04:29:12,332 - app - INFO - Modificando columna 'user_agent' en `system_logs`: tipo=TEXT, nullable=True
2026-03-06 04:29:12,601 - app - INFO - Checking for seed data...
2026-03-06 04:29:12,628 - app - INFO - Database Initialized
2026-03-06 04:30:01,174 - app - INFO - Initializing Database
2026-03-06 04:30:01,236 - app - INFO - Modificando columna 'question_text' en `questions`: tipo=TEXT, nullable=True
2026-03-06 04:30:01,284 - app - INFO - Modificando columna 'answer' en `answer_options`: tipo=TEXT, nullable=True
2026-03-06 04:30:01,321 - app - INFO - Modificando columna 'is_correct' en `answer_options`: tipo=BOOL, nullable=True
2026-03-06 04:30:01,384 - app - INFO - Modificando columna 'answers' en `user_responses`: tipo=TEXT, nullable=True
2026-03-06 04:30:01,428 - app - INFO - Modificando columna 'payload' en `system_logs`: tipo=TEXT, nullable=True
2026-03-06 04:30:01,469 - app - INFO - Modificando columna 'response' en `system_logs`: tipo=TEXT, nullable=True
2026-03-06 04:30:01,563 - app - INFO - Modificando columna 'user_agent' en `system_logs`: tipo=TEXT, nullable=True
2026-03-06 04:30:01,637 - app - INFO - Checking for seed data...
2026-03-06 04:30:01,667 - app - INFO - Database Initialized
2026-03-06 04:30:08,694 - app - INFO - Initializing Database
2026-03-06 04:30:08,734 - app - INFO - Modificando columna 'question_text' en `questions`: tipo=TEXT, nullable=True
2026-03-06 04:30:08,779 - app - INFO - Modificando columna 'answer' en `answer_options`: tipo=TEXT, nullable=True
2026-03-06 04:30:08,846 - app - INFO - Modificando columna 'is_correct' en `answer_options`: tipo=BOOL, nullable=True
2026-03-06 04:30:08,910 - app - INFO - Modificando columna 'answers' en `user_responses`: tipo=TEXT, nullable=True
2026-03-06 04:30:08,970 - app - INFO - Modificando columna 'payload' en `system_logs`: tipo=TEXT, nullable=True
2026-03-06 04:30:08,993 - app - INFO - Modificando columna 'response' en `system_logs`: tipo=TEXT, nullable=True
2026-03-06 04:30:09,050 - app - INFO - Modificando columna 'user_agent' en `system_logs`: tipo=TEXT, nullable=True
2026-03-06 04:30:09,077 - app - INFO - Checking for seed data...
2026-03-06 04:30:09,100 - app - INFO - Database Initialized
2026-03-06 04:30:19,047 - app - INFO - Initializing Database
2026-03-06 04:30:19,106 - app - INFO - Modificando columna 'question_text' en `questions`: tipo=TEXT, nullable=True
2026-03-06 04:30:19,149 - app - INFO - Modificando columna 'answer' en `answer_options`: tipo=TEXT, nullable=True
2026-03-06 04:30:19,191 - app - INFO - Modificando columna 'is_correct' en `answer_options`: tipo=BOOL, nullable=True
2026-03-06 04:30:19,237 - app - INFO - Modificando columna 'answers' en `user_responses`: tipo=TEXT, nullable=True
2026-03-06 04:30:19,295 - app - INFO - Modificando columna 'payload' en `system_logs`: tipo=TEXT, nullable=True
2026-03-06 04:30:19,353 - app - INFO - Modificando columna 'response' en `system_logs`: tipo=TEXT, nullable=True
2026-03-06 04:30:19,427 - app - INFO - Modificando columna 'user_agent' en `system_logs`: tipo=TEXT, nullable=True
2026-03-06 04:30:19,474 - app - INFO - Checking for seed data...
2026-03-06 04:30:19,507 - app - INFO - Database Initialized
2026-03-06 04:30:30,099 - app - INFO - Initializing Database
2026-03-06 04:30:30,186 - app - INFO - Modificando columna 'question_text' en `questions`: tipo=TEXT, nullable=True
2026-03-06 04:30:30,228 - app - INFO - Modificando columna 'answer' en `answer_options`: tipo=TEXT, nullable=True
2026-03-06 04:30:30,266 - app - INFO - Modificando columna 'is_correct' en `answer_options`: tipo=BOOL, nullable=True
2026-03-06 04:30:30,318 - app - INFO - Modificando columna 'answers' en `user_responses`: tipo=TEXT, nullable=True
2026-03-06 04:30:30,362 - app - INFO - Modificando columna 'payload' en `system_logs`: tipo=TEXT, nullable=True
2026-03-06 04:30:30,411 - app - INFO - Modificando columna 'response' en `system_logs`: tipo=TEXT, nullable=True
2026-03-06 04:30:30,456 - app - INFO - Modificando columna 'user_agent' en `system_logs`: tipo=TEXT, nullable=True
2026-03-06 04:30:30,495 - app - INFO - Checking for seed data...
2026-03-06 04:30:30,516 - app - INFO - Database Initialized
2026-03-06 04:30:54,198 - app - INFO - Initializing Database
2026-03-06 04:30:54,213 - app - ERROR - Database initialization failed: (pymysql.err.OperationalError) (1045, "Access denied for user 'root'@'192.168.215.1' (using password: NO)")
(Background on this error at: https://sqlalche.me/e/20/e3q8)
2026-03-06 04:31:20,481 - app - INFO - Initializing Database
2026-03-06 04:31:20,517 - app - ERROR - Database initialization failed: (pymysql.err.OperationalError) (1045, "Access denied for user 'root'@'192.168.215.1' (using password: NO)")
(Background on this error at: https://sqlalche.me/e/20/e3q8)
2026-03-06 04:31:28,937 - app - INFO - Initializing Database
2026-03-06 04:31:28,965 - app - ERROR - Database initialization failed: (pymysql.err.OperationalError) (1045, "Access denied for user 'root'@'192.168.215.1' (using password: NO)")
(Background on this error at: https://sqlalche.me/e/20/e3q8)
2026-03-06 04:31:35,124 - app - INFO - Initializing Database
2026-03-06 04:31:35,135 - app - ERROR - Database initialization failed: (pymysql.err.OperationalError) (1045, "Access denied for user 'root'@'192.168.215.1' (using password: NO)")
(Background on this error at: https://sqlalche.me/e/20/e3q8)
2026-03-06 04:31:50,411 - app - INFO - Initializing Database
2026-03-06 04:31:50,438 - app - ERROR - Database initialization failed: (pymysql.err.OperationalError) (1045, "Access denied for user 'root'@'192.168.215.1' (using password: NO)")
(Background on this error at: https://sqlalche.me/e/20/e3q8)
2026-03-06 04:32:15,600 - app - INFO - Initializing Database
2026-03-06 04:32:15,646 - app - ERROR - Database initialization failed: (pymysql.err.OperationalError) (1045, "Access denied for user 'root'@'192.168.215.1' (using password: NO)")
(Background on this error at: https://sqlalche.me/e/20/e3q8)
2026-03-06 04:32:19,132 - app - INFO - Initializing Database
2026-03-06 04:32:19,147 - app - ERROR - Database initialization failed: (pymysql.err.OperationalError) (1045, "Access denied for user 'root'@'192.168.215.1' (using password: NO)")
(Background on this error at: https://sqlalche.me/e/20/e3q8)
2026-03-06 04:32:23,339 - app - INFO - Initializing Database
2026-03-06 04:32:23,358 - app - ERROR - Database initialization failed: 'cryptography' package is required for sha256_password or caching_sha2_password auth methods
2026-03-06 04:32:25,431 - app - INFO - Initializing Database
2026-03-06 04:32:25,441 - app - ERROR - Database initialization failed: 'cryptography' package is required for sha256_password or caching_sha2_password auth methods
2026-03-06 04:32:47,218 - app - INFO - Initializing Database
2026-03-06 04:32:47,389 - app - ERROR - Database initialization failed: (pymysql.err.OperationalError) (2003, "Can't connect to MySQL server on 'host' ([Errno 8] nodename nor servname provided, or not known)")
(Background on this error at: https://sqlalche.me/e/20/e3q8)
2026-03-06 04:32:57,088 - app - INFO - Initializing Database
2026-03-06 04:32:57,198 - app - INFO - Modificando columna 'question_text' en `questions`: tipo=TEXT, nullable=True
2026-03-06 04:32:57,265 - app - INFO - Modificando columna 'answer' en `answer_options`: tipo=TEXT, nullable=True
2026-03-06 04:32:57,328 - app - INFO - Modificando columna 'is_correct' en `answer_options`: tipo=BOOL, nullable=True
2026-03-06 04:32:57,374 - app - INFO - Modificando columna 'answers' en `user_responses`: tipo=TEXT, nullable=True
2026-03-06 04:32:57,412 - app - INFO - Modificando columna 'payload' en `system_logs`: tipo=TEXT, nullable=True
2026-03-06 04:32:57,458 - app - INFO - Modificando columna 'response' en `system_logs`: tipo=TEXT, nullable=True
2026-03-06 04:32:57,501 - app - INFO - Modificando columna 'user_agent' en `system_logs`: tipo=TEXT, nullable=True
2026-03-06 04:32:57,534 - app - INFO - Checking for seed data...
2026-03-06 04:32:57,557 - app - INFO - Database Initialized
2026-03-06 04:38:22,595 - app - INFO - Initializing Database
2026-03-06 04:38:22,716 - app - INFO - Modificando columna 'question_text' en `questions`: tipo=TEXT, nullable=True
2026-03-06 04:38:22,769 - app - INFO - Modificando columna 'answer' en `answer_options`: tipo=TEXT, nullable=True
2026-03-06 04:38:22,808 - app - INFO - Modificando columna 'is_correct' en `answer_options`: tipo=BOOL, nullable=True
2026-03-06 04:38:22,859 - app - INFO - Modificando columna 'answers' en `user_responses`: tipo=TEXT, nullable=True
2026-03-06 04:38:22,903 - app - INFO - Modificando columna 'payload' en `system_logs`: tipo=TEXT, nullable=True
2026-03-06 04:38:23,064 - app - INFO - Modificando columna 'response' en `system_logs`: tipo=TEXT, nullable=True
2026-03-06 04:38:23,110 - app - INFO - Modificando columna 'user_agent' en `system_logs`: tipo=TEXT, nullable=True
2026-03-06 04:38:23,148 - app - INFO - Checking for seed data...
2026-03-06 04:38:23,164 - app - INFO - Database Initialized
2026-03-06 04:52:42,394 - app - INFO - Initializing Database
2026-03-06 04:52:42,794 - app - ERROR - Database initialization failed: (pymysql.err.OperationalError) (1045, "Access denied for user 'root'@'localhost' (using password: YES)")
(Background on this error at: https://sqlalche.me/e/20/e3q8)
2026-03-06 05:02:31,881 - app - INFO - Initializing Database
2026-03-06 05:02:32,051 - app - ERROR - Database initialization failed: (pymysql.err.OperationalError) (1049, "Unknown database 'sesamo'")
(Background on this error at: https://sqlalche.me/e/20/e3q8)
2026-03-06 05:04:17,316 - app - INFO - Initializing Database
2026-03-06 05:04:18,114 - app - INFO - Modificando columna 'is_correct' en `answer_options`: tipo=BOOL, nullable=True
2026-03-06 05:04:18,124 - app - INFO - Checking for seed data...
2026-03-06 05:04:18,157 - app - INFO - Seeding Roles...
2026-03-06 05:04:18,167 - app - INFO - Roles seeded successfully.
2026-03-06 05:04:18,172 - app - INFO - Seeding Schools...
2026-03-06 05:04:18,183 - app - INFO - Schools seeded successfully.
2026-03-06 05:04:18,187 - app - INFO - Seeding Categories...
2026-03-06 05:04:18,194 - app - INFO - Categories seeded successfully.
2026-03-06 05:04:18,203 - app - INFO - Seeding Users...
2026-03-06 05:04:18,968 - app - INFO - Users seeded successfully.
2026-03-06 05:04:18,974 - app - INFO - Seeding Questionnaires...
2026-03-06 05:04:18,983 - app - INFO - Questionnaire seeded successfully.
2026-03-06 05:04:18,983 - app - INFO - Seeding Questions...
2026-03-06 05:04:18,993 - app - INFO - Seeding Answer Options...
2026-03-06 05:04:19,004 - app - INFO - Questions and Answers seeded successfully.
2026-03-06 05:04:19,005 - app - INFO - Database Initialized
